PlayerID,Position,Name,Level,Age,Age to Level,PA,BB%,K%,BB/K,AVG,OBP,SLG,OPS,ISO,Spd,BABIP,wSB,wRC,wRAA,wOBA,wRC+,3YR WAR
33189,1B,Nolan Schanuel,0,0,0,0,0,0,0,0,0,0,0,0,0,0,0,0,0,0,0,2.1
31837,DH,Masataka Yoshida,0,0,0,0,0,0,0,0,0,0,0,0,0,0,0,0,0,0,0,1.5
31490,OF,Wade Meckler,4,22,0.8,100,0.2,0.16,1.25,0.367088607,0.5,0.544303797,1.044303797,0.17721519,4.756875363,0.451612903,0.224874553,26.06429807,11.78036905,0.484111217,180.0276504,-0.2
31347,SS,Zach Neto,6,21,-3.1,167,0.071856287,0.19760479,0.363636362,0.299319727,0.377245508,0.476190476,0.853435984,0.176870749,5.689518392,0.354545454,-0.324957778,28.10899882,6.327926826,0.382279409,132.0466528,7.7
31166,OF,Heston Kjerstad,5,23,0.2,284,0.102112676,0.225352112,0.453125001,0.308641975,0.394366197,0.456790123,0.85115632,0.148148148,4.604805402,0.393258426,-0.612164917,49.85198305,12.88516206,0.390951424,136.1076819,-0.7
30162,OF,Oscar Colas,7,23,-3.6,526,0.072243346,0.228136882,0.316666667,0.313929313,0.370722433,0.523908523,0.894630956,0.20997921,4.00595389,0.37758112,-2.332987764,93.8531216,25.18212525,0.393687224,136.6154487,-1
30011,1B,Christian Encarnacion-Strand,6,21.5,-1.15,630,0.071428571,0.258730159,0.276073619,0.316436269,0.376190475,0.588372152,0.964562628,0.271935884,5.707453341,0.385683811,-0.150368102,126.0902298,44.95173836,0.422218501,154.4886048,-0.5
29976,SS,Jordan Lawlar,6,19,-5.1,459,0.124183006,0.250544662,0.495652172,0.303341902,0.400871459,0.508997429,0.909868888,0.205655527,9.170032095,0.389312977,3.829604571,89.15919227,24.71787837,0.407761322,135.2272708,-0.7
29931,OF,Jacob Young,4,21.5,0.3,656,0.105182926,0.150914633,0.696969697,0.252904147,0.347017727,0.320085857,0.667103584,0.06718171,8.821643459,0.3011276,7.643837037,80.60056978,-5.900385984,0.325300519,92.46674455,4.6
29766,2B,Zack Gelof,7,21.5,-5.1,601,0.116472545,0.264559068,0.44025157,0.286909706,0.371048253,0.490181317,0.861229569,0.203271611,5.846086531,0.364904879,1.658393311,103.6131662,17.60111559,0.381114683,117.7080019,3.8
29715,OF,Hunter Goodman,6,21.5,-0.15,653,0.075038284,0.252679939,0.296969695,0.295083435,0.361408881,0.565464976,0.926873857,0.270381541,4.747591203,0.347119268,-0.606560615,126.571237,35.24742665,0.405920395,137.7464363,1.9
29695,2B,Matt McLain,6,21.5,-1.95,578,0.15051903,0.261245674,0.576158939,0.242969995,0.36851211,0.454886726,0.823398837,0.211916731,7.65165452,0.30817474,3.883815016,91.33470838,15.43312115,0.369686773,114.3665212,4.6
29622,OF,Sal Frelick,7,21.5,-3.2,731,0.099863201,0.120383037,0.829545453,0.330715049,0.405495575,0.476456312,0.881951887,0.145741263,6.926591485,0.366197943,0.873850483,132.7762212,36.76448355,0.396090267,137.2606657,6.2
29617,C,Henry Davis,6,21.5,-1.95,286,0.087412587,0.213286713,0.409836065,0.268870461,0.38111888,0.508117064,0.889235944,0.239246603,6.583348245,0.306776556,0.568355118,52.16007779,15.48274893,0.394766384,138.5436739,-1.6
29591,OF,Colton Cowser,7,21.5,-2.4,775,0.153548387,0.254193548,0.604060913,0.29699747,0.421935483,0.473056925,0.894992408,0.176059456,5.769331009,0.395624183,-0.190860361,149.255016,48.09680557,0.40748632,146.169797,4
28163,3B,Junior Caminero,4,17.5,-2,442,0.097285067,0.160633484,0.605633801,0.306345825,0.382352941,0.511966558,0.894319498,0.205620733,5.298785789,0.326167496,1.936803891,85.34919255,25.75830796,0.416587787,142.7122019,5.4
28080,OF,Jasson Dominguez,6,18.5,-4.15,771,0.128404669,0.260700388,0.492537313,0.266381849,0.368352788,0.435391721,0.803744509,0.169009872,7.526695102,0.350280484,3.375240552,121.6473777,23.90719804,0.372961426,125.4903851,0.8
27845,DH,Matt Mervis,7,23.5,-3.1,882,0.098639455,0.200680272,0.491525423,0.274092321,0.355227019,0.523204908,0.878431927,0.249112587,4.116275897,0.298064944,-0.052060167,152.0571521,35.42114634,0.384578006,130.684048,-1.5
27815,2B,Jordan Westburg,7,22.5,-2.85,1128,0.116134751,0.242907801,0.478102187,0.273978725,0.370567376,0.488450947,0.859018323,0.214472222,5.945373974,0.339000394,0.282250504,193.9328187,45.66855706,0.377833561,129.6859851,5.6
27790,OF,Evan Carter,6,18.5,-4.15,621,0.157809984,0.175523349,0.899082572,0.280871767,0.406435788,0.464714278,0.871150066,0.183842511,7.622612026,0.32930352,-1.371169598,114.6995059,32.66851162,0.398816276,141.3904995,2.7
27769,OF,Pete Crow-Armstrong,5,19.5,-2.5,503,0.085487078,0.214711729,0.398148149,0.318711842,0.387673956,0.51881618,0.906490136,0.200104338,8.228200383,0.388006735,-0.83714912,95.15181762,31.25780823,0.408908389,149.7570464,7.8
27735,SS,Brett Wisely,7,22.5,-2.2,963,0.115264797,0.215991692,0.533653848,0.28542507,0.370448343,0.476497579,0.846945922,0.191072509,6.900108456,0.340623974,1.711146559,162.0151801,33.17150956,0.378537393,126.4143214,0.1
27690,OF,Joey Wiemer,7,22.5,-2.2,1020,0.115686274,0.247058823,0.468253967,0.27436396,0.366666666,0.506837537,0.873504203,0.232473577,6.685832572,0.328910415,5.922225816,176.7784218,41.13853858,0.385634132,128.6034554,1.1
27647,SS,Anthony Volpe,7,20.5,-4.2,1109,0.128944995,0.197475203,0.652968034,0.269420979,0.37962128,0.526718919,0.9063402,0.257297941,8.22041912,0.30037039,7.529822608,205.4544558,60.82280487,0.396722521,143.7138553,6.4
27630,2B,Nick Loftin,7,22.5,-2.2,1003,0.09670987,0.157527417,0.613924051,0.268366943,0.34940154,0.427783499,0.777185039,0.159416556,6.716020798,0.297601309,2.369871579,145.0905754,9.134165078,0.349991377,106.520207,0.3
27604,2B,Alika Williams,7,22.5,-4.1,763,0.095674967,0.182175622,0.525179854,0.257189789,0.334615429,0.375783985,0.710399414,0.118594196,4.766802013,0.298649496,-3.658245588,96.88918556,-4.523889781,0.327648394,96.46206216,-0.6
27577,2B,Casey Schmitt,7,22.5,-1.4,806,0.086848634,0.203473945,0.426829265,0.27685109,0.348635235,0.460502732,0.809137967,0.183651642,3.581742448,0.322730583,-2.49080233,126.2241867,18.98809011,0.360166419,120.3115205,0.5
27562,C,Austin Wells,6,21.5,-1.95,871,0.145809414,0.237657864,0.613526569,0.270115355,0.387795637,0.492808238,0.880603875,0.222692883,6.865724835,0.327321803,4.828591025,158.9300796,45.05367638,0.395800248,141.418329,6.8
27534,2B,Edouard Julien,6,22.5,-0.95,1022,0.203522504,0.263209393,0.773234199,0.283150386,0.43737769,0.484817467,0.922195158,0.201667081,5.884387682,0.382399694,2.455713085,208.348825,68.46186638,0.421601727,147.8754422,1.9
27531,2B,David Hamilton,6,23.5,-0.6,990,0.107070706,0.211111111,0.507177031,0.254028616,0.339772452,0.409900369,0.749672821,0.155871753,9.182913307,0.312493719,15.37648426,134.4389286,9.086009704,0.336248754,105.3018733,1.5
27490,2B,Nick Gonzales,6,22.5,-0.95,696,0.120689655,0.278735632,0.43298969,0.284367329,0.383620689,0.503798034,0.887418723,0.219430705,5.650718264,0.379701248,-0.636119607,127.6028244,36.24600318,0.387276858,135.764217,2.1
27479,SS,Masyn Winn,6,19.5,-3.95,988,0.110323886,0.217611336,0.506976743,0.264461365,0.346246364,0.418476393,0.764722757,0.154015028,8.74251309,0.328676512,8.465148813,139.3414294,5.825952972,0.349103171,103.858659,6.3
27478,C,Patrick Bailey,5,22.5,-0.3,694,0.139769452,0.234870317,0.595092022,0.24612808,0.354466858,0.424551493,0.779018351,0.178423413,4.023533291,0.301231706,-0.73057891,105.7739589,12.48334438,0.352919565,114.1780612,10.2
27475,OF,Jordan Walker,6,19.5,-3.95,902,0.100886918,0.225055432,0.448275861,0.310347126,0.388026607,0.525152426,0.913179033,0.2148053,6.92249196,0.376848308,2.154648248,170.5078705,46.20336984,0.404295639,135.1592676,-0.8
27467,1B,Tyler Soderstrom,7,19.5,-4.4,810,0.082716049,0.254320987,0.325242719,0.279549956,0.344444444,0.521867478,0.866311922,0.242317521,3.317329705,0.332976468,-1.794746459,136.7150549,27.6071049,0.377552268,117.8360573,2.7
26668,SS,Elly De La Cruz,6,19.5,-3.15,778,0.06940874,0.305912596,0.226890755,0.30086302,0.350899742,0.569799193,0.920698936,0.268936173,8.259830739,0.402652701,5.180465856,143.9152077,42.58916757,0.40327063,139.1471578,12.8
26517,3B,Noelvi Marte,5,19.5,-3.3,1031,0.11542192,0.217264791,0.531249998,0.27579854,0.3685742,0.458516209,0.827090409,0.18271767,5.502022151,0.329738878,-0.144149365,172.614995,33.59632924,0.372190848,123.4878837,0.3
26477,2B,Spencer Horwitz,7,23.5,-1.85,968,0.147727272,0.168388429,0.877300613,0.284649702,0.395661157,0.456681099,0.852342256,0.172031396,3.646663212,0.328220359,-3.205268918,169.9051603,41.876178,0.383152907,136.8254245,3.7
26467,OF,Luis Matos,5,19.5,-2.5,906,0.061810154,0.1401766,0.44094488,0.268109424,0.322295805,0.431211044,0.75350685,0.16310162,5.93137389,0.284352256,1.128457589,126.6429159,3.132727155,0.3364307,101.2113306,-1.4
26438,OF,Dominic Canzone,7,23.5,-1.85,775,0.089032258,0.198709677,0.448051947,0.30073168,0.37032258,0.532291847,0.902614428,0.231560167,6.665857118,0.341379331,2.965407173,140.8631367,31.68567766,0.390355431,121.7671326,1.2
26420,2B,Kyren Paris,6,19.5,-3.95,658,0.138297872,0.300911853,0.459595959,0.249032031,0.37109327,0.430320727,0.801413997,0.181288695,8.699031992,0.361434478,5.71953885,106.9076781,19.93417283,0.366524049,126.186701,-0.4
26365,OF,Jonny DeLuca,6,22.5,-0.95,877,0.103762827,0.177879133,0.583333332,0.261697837,0.347427666,0.530067564,0.877495231,0.268369728,7.642740297,0.270719622,4.219911048,152.5496025,35.32138385,0.38222091,130.4731003,1.7
26319,1B,Michael Busch,7,23.5,-1.85,1136,0.126760563,0.26056338,0.486486485,0.270480043,0.374119718,0.502274945,0.876394663,0.231794902,3.37404312,0.333936024,-2.150221237,196.3654093,38.19913125,0.382625859,129.0400306,5.1
26208,SS,Tyler Fitzgerald,6,23.5,0.05,951,0.078864353,0.32597266,0.241935483,0.243656757,0.324515198,0.456241296,0.780756494,0.212584538,6.910763131,0.332550026,2.552950115,136.5461688,12.23954206,0.344106094,111.9165379,3.3
26149,OF,Dominic Fletcher,7,23.5,-1.85,1031,0.077594568,0.215324927,0.360360358,0.291186243,0.350512091,0.468424106,0.818936197,0.177237863,5.675044284,0.350469509,-3.965677256,157.3123919,13.69891594,0.358385064,96.46802344,0.1
25822,n/a,Andre Lipcius,7,23.5,-1.85,1043,0.131351869,0.179290508,0.732620321,0.261250299,0.358581016,0.418171498,0.776752514,0.156921199,4.880533213,0.300524422,-0.297968617,150.8308482,17.82092531,0.346589766,114.9206322,-0.2
25817,SS,Braden Shewmake,7,23.5,-1.85,651,0.061443932,0.202764976,0.3030303,0.242824412,0.292275172,0.400313099,0.692588271,0.157488687,5.598597694,0.27884525,1.116922421,71.07496787,-11.28960234,0.306171813,92.26944363,-0.9
25813,n/a,Grae Kessinger,6,23.5,-0.6,831,0.115523465,0.23345367,0.49484536,0.210346998,0.311257061,0.351524328,0.66278139,0.14117733,5.681636239,0.25038527,-1.158877713,87.0553619,-27.17544549,0.30596289,79.29445904,0.2
25807,2B,Jared Triolo,6,23.5,0.05,968,0.108471074,0.186983471,0.580110498,0.292949051,0.372664104,0.448623725,0.821287829,0.155674673,5.93073988,0.345188434,3.316038902,157.3868034,30.79115262,0.363162169,120.9038768,3.4
25805,C,Blake Sabol,7,23.5,-1.2,801,0.117353308,0.265917603,0.441314552,0.293496196,0.378277153,0.516195257,0.89447241,0.222699061,6.291637576,0.377052214,0.060698647,145.3281137,41.23568755,0.389294449,136.9627895,0.4
25643,C,Drew Millas,6,23.5,0.05,726,0.144628099,0.191460055,0.755395685,0.245574207,0.357217873,0.348605659,0.705823532,0.103031451,5.082933102,0.301007318,0.372954972,95.59271626,1.060941752,0.330675583,97.53743796,1.2
25616,2B,Marco Luciano,5,19.5,-3.3,710,0.104225351,0.253521126,0.411111109,0.262026604,0.346478872,0.469465074,0.815943946,0.20743847,4.075618753,0.319084743,-2.565151752,114.360219,17.23815541,0.362918092,118.010481,-0.6
25569,2B,Jake Alu,7,24.5,-0.85,937,0.076840981,0.189967982,0.404494378,0.291656307,0.352187833,0.481678645,0.833866478,0.190022338,5.407062615,0.334896957,1.646377656,148.9332206,27.93942277,0.362522119,124.6541752,-0.4
25505,OF,Cade Marlowe,7,24.5,-2.1,1067,0.115276475,0.269915651,0.427083332,0.281214939,0.373008434,0.523351864,0.896360298,0.242136925,7.36738617,0.355112966,2.114939641,194.8860609,44.29937659,0.391625357,133.9140674,0.9
25493,3B,Joey Ortiz,7,22.5,-2.85,756,0.087301587,0.171957672,0.507692306,0.279906768,0.349667877,0.470973454,0.82064133,0.191066686,6.14034354,0.31502399,0.364149856,117.5184188,20.86704767,0.359054269,115.9278388,4.5
25482,n/a,TJ Hopkins,7,24.5,-0.85,820,0.090243902,0.264634146,0.341013822,0.262441495,0.336198486,0.450250986,0.786449472,0.187809491,5.151584267,0.334285654,-1.192942934,115.1184244,10.11371429,0.347472866,103.8842982,-0.5
25479,OF,Brenton Doyle,7,23.5,-1.2,972,0.059670781,0.313786008,0.190163933,0.266476733,0.315468636,0.464854993,0.780323628,0.19837826,7.350011545,0.354582747,3.124075077,136.9008777,9.16516632,0.34025501,102.6610226,4.4
25332,C,Endy Rodriguez,7,21.5,-2.4,965,0.113989637,0.184455958,0.617977528,0.310230065,0.394818652,0.554627259,0.949445912,0.244397195,4.954555405,0.350750039,-2.023613965,194.379684,68.00880125,0.422859558,151.5147807,0
24934,C,David Fry,7,25.5,-1.1,838,0.091885441,0.214797135,0.427777778,0.255432751,0.337301051,0.449726149,0.7870272,0.194293398,4.018069473,0.29918544,-0.82843402,119.6825623,12.52952284,0.347604553,113.407352,1
24451,OF,J.P. Martinez,7,25.5,0.15,809,0.13473424,0.29789864,0.452282158,0.242644829,0.357838178,0.405728196,0.763566373,0.163083367,8.408339648,0.347259147,6.463029822,114.5947758,2.777016867,0.347937729,103.0925373,-0.3
24336,OF,Johan Rojas,6,20.5,-2.95,985,0.076142131,0.178680202,0.426136362,0.252043071,0.317941312,0.381579184,0.699520495,0.129536113,8.804295484,0.294436753,11.1623154,118.1480557,-10.47532392,0.320554611,90.24805497,2.9
24262,OF,Ceddanne Rafaela,6,20.5,-2.15,954,0.053459119,0.201257861,0.265625,0.277591878,0.324896176,0.486565536,0.811461713,0.208973659,8.575566362,0.321083721,4.120008363,145.3140198,19.64312888,0.357946488,112.347,4.9
23986,2B,Curtis Mead,7,20.5,-6.1,789,0.088719898,0.168567807,0.526315786,0.311394975,0.38276299,0.532455799,0.915218789,0.221060824,4.752541228,0.346350298,-0.617421951,149.7018943,43.80317583,0.401231866,141.7623988,0.1
23985,SS,Osleivis Basabe,6,20.5,-2.95,822,0.08272506,0.126520681,0.653846151,0.30761176,0.369972526,0.432291016,0.802263542,0.124679256,7.535993045,0.347874234,1.761537763,129.1611648,19.71602821,0.366126404,119.3206311,-0.2
23800,OF,Parker Meadows,6,21.5,-1.95,976,0.095286885,0.215163934,0.442857143,0.244087058,0.322544853,0.411864785,0.734409638,0.167777728,6.222624176,0.286534255,-0.895676869,124.8572592,0.291215775,0.326892237,105.0476732,3.3
23788,n/a,Jordyn Adams,6,21.5,-1.95,792,0.088383838,0.303030303,0.291666666,0.229901903,0.30635548,0.323516785,0.629872265,0.093614882,7.807244144,0.333202594,5.262788098,77.85061248,-26.67629,0.292485356,79.34472621,-0.7
23772,OF,Wilyer Abreu,6,22.5,-0.95,910,0.167032966,0.276923076,0.603174602,0.254913384,0.385714285,0.45702721,0.842741495,0.202113826,5.370923843,0.335204661,0.151247489,156.8273293,32.23647102,0.377899328,122.2866586,6.1
23698,2B,Ronny Mauricio,6,20.5,-3.6,994,0.050301811,0.238430583,0.210970463,0.254271059,0.295774647,0.461331575,0.757106222,0.207060516,5.596864051,0.292033001,-2.928059114,130.2129799,0.872232108,0.326426157,105.0771804,1
23695,OF,Everson Pereira,6,20.5,-2.95,669,0.106128549,0.276532137,0.383783782,0.285523609,0.366218236,0.540625605,0.90684384,0.255101996,7.401455485,0.358182973,0.307305722,123.4600087,35.82885751,0.396497889,142.0826648,-1.1
23691,SS,Jose Tena,7,20.5,-4.2,1020,0.05490196,0.253921568,0.216216215,0.273241809,0.316966611,0.439998921,0.756965532,0.166757112,5.461110458,0.344120417,-2.424876453,135.8964839,5.463105449,0.332840274,105.5534875,-0.2
23690,SS,Brayan Rocchio,7,20.5,-4.85,1075,0.080930232,0.193488372,0.418269228,0.265897714,0.34047152,0.438201724,0.778673244,0.17230401,5.73158724,0.30640473,-3.134282249,154.2611966,16.72213167,0.34554852,114.2246925,1.1
23565,2B,Davis Schneider,7,22.5,-2.2,642,0.144859813,0.277258566,0.522471911,0.24608763,0.360354507,0.459007918,0.819362424,0.212920287,5.935311767,0.314936118,0.653063069,102.7327075,19.3737165,0.365105546,126.7148805,3.6
23401,2B,Jose Caballero,6,24.5,0.4,219,0.223744291,0.178082191,1.256410254,0.249716236,0.429223744,0.39326159,0.822485334,0.143545354,6.19063182,0.295206467,2.852117985,39.5445392,8.70019855,0.392950077,137.095227,5.9
23312,1B,Ryan Noda,7,25.5,0.15,1049,0.158245948,0.275500477,0.574394461,0.254717136,0.389895138,0.495282179,0.885177317,0.240565043,4.339856155,0.315860803,1.162957926,187.5095367,41.12579859,0.388093266,133.0553067,1.1
23296,SS,Jacob Amaya,7,22.5,-2.85,1043,0.127516778,0.206136145,0.618604649,0.24011476,0.338446787,0.388342701,0.726789488,0.148227941,4.709770592,0.280733429,0.208774564,132.0965256,-12.3132478,0.328952657,94.8021908,-1.1
22842,OF,Alexander Canario,7,21.5,-3.2,990,0.103030303,0.274747474,0.374999999,0.242130995,0.323579131,0.49861444,0.822193571,0.256483445,6.476240695,0.282130928,2.197195595,150.2986005,17.6472994,0.358137775,112.6405274,-0.3
22542,OF,Lawrence Butler,5,20.5,-2.3,792,0.125,0.321969697,0.388235294,0.2693476,0.359848484,0.483625495,0.843473979,0.214277895,7.287688633,0.380883006,2.502813542,133.3671234,26.68237893,0.37480629,117.3438141,4.9
22274,2B,Samad Taylor,7,22.5,-2.85,654,0.107033639,0.262996942,0.406976744,0.278528413,0.364429537,0.470203383,0.834632919,0.19167497,7.104199571,0.355897648,3.975433484,104.1111841,19.93190713,0.364481982,125.2739294,-0.2
22266,SS,Xavier Edwards,7,21.5,-3.85,737,0.107191316,0.158751696,0.675213673,0.27201898,0.350312401,0.357859117,0.708171518,0.085840137,4.87423512,0.321868916,-2.200050392,90.38771276,-3.338161041,0.323359318,95.97506794,4.8
22186,2B,Brice Turang,7,21.5,-5.1,1099,0.113739763,0.182893539,0.621890545,0.272998956,0.354274317,0.389221224,0.743495541,0.116222268,5.964444365,0.324745311,4.315984104,146.5113649,5.629914305,0.335982861,105.9483533,6.9
22054,OF,Dane Myers,7,25.5,0.15,667,0.059970014,0.271364317,0.220994472,0.273521031,0.329835706,0.476187014,0.806022719,0.202665983,5.973872287,0.34040147,1.606223429,99.3396223,14.6132339,0.353473359,118.9280817,0.6
21746,2B,José Fermín,7,22.5,-4.1,678,0.097345132,0.12979351,0.75,0.238745252,0.334336764,0.359795245,0.694132009,0.121049993,4.663885768,0.258635325,-1.919819317,80.77135537,-6.698832924,0.317045025,94.62500244,-0.1
21716,2B,Enmanuel Valdez,7,22.5,-2.85,989,0.103134479,0.215369059,0.478873237,0.278667867,0.354932303,0.538738701,0.893671004,0.260070834,4.351759509,0.306611625,-1.014206253,173.9024678,37.62239244,0.3812071,125.6668331,-0.1
21693,C,Miguel Amaya,6,22.5,-1.6,266,0.157894737,0.236842105,0.666666667,0.242861546,0.383458646,0.394881024,0.778339671,0.152019478,3.124598806,0.3078542,0.039157144,40.75732832,6.541447989,0.361807765,118.411645,2.1
21587,n/a,Cesar Salazar,7,25.5,-1.1,639,0.073552425,0.184663536,0.398305085,0.260261297,0.338028168,0.46161136,0.799639528,0.201350062,4.226123541,0.278650396,-0.321505118,93.04476783,3.877242683,0.351260698,106.4929516,0.4
21547,2B,Coco Montes,7,24.5,-0.85,1013,0.091806515,0.260612043,0.352272727,0.264589802,0.340572557,0.462525965,0.803098521,0.197936163,5.306066395,0.337289737,0.387547241,149.7529718,11.68146916,0.348563588,102.5373646,-0.4
21497,DH,Luken Baker,7,24.5,-2.1,911,0.082327112,0.256860592,0.320512819,0.23755444,0.304061471,0.453527944,0.757589415,0.215973504,1.122086412,0.268964832,-0.946766109,115.663779,-3.614732807,0.330201568,94.57616954,-0.5
21078,OF,Trey Cabbage,6,24.5,0.4,575,0.116521739,0.36,0.323671497,0.278671999,0.366956521,0.565355547,0.932312068,0.286683548,5.351224791,0.395506264,1.647710157,107.6039731,32.49307973,0.40173739,142.2844004,-0.4
20626,C,Logan Porter,7,25.5,0.8,783,0.168582375,0.234993614,0.717391303,0.277387732,0.412515964,0.466128519,0.878644483,0.188740787,2.563054957,0.346605606,-2.561931912,146.245844,40.15262235,0.398632398,137.1138817,0
20311,OF,Corey Julks,7,25.5,0.15,962,0.091476091,0.22037422,0.415094339,0.276320679,0.35031185,0.498326803,0.848638653,0.222006124,6.692337124,0.318008734,1.807361345,152.6686996,17.36403026,0.364828426,120.8013098,-0.2
19957,OF,Blake Rutherford,7,24.5,-2.1,943,0.044538706,0.222693531,0.2,0.260434758,0.297985153,0.416016318,0.714001471,0.15558156,4.79595199,0.31409815,-1.526715802,106.060079,-16.31798909,0.312014108,78.14171363,-0.3
19921,OF,Blake Perkins,7,24.5,-0.85,677,0.138847858,0.255539143,0.5433526,0.227787635,0.341259852,0.404644336,0.745904189,0.176856701,6.521673821,0.282798206,3.429944621,90.03047327,2.982968305,0.335780928,104.8732403,3.1
19877,2B,Tristan Gray,7,25.5,-1.1,775,0.068387097,0.309677419,0.220833333,0.232369733,0.292903226,0.465793682,0.758696908,0.233423949,4.101017701,0.284074296,-1.298063747,97.07136734,-3.869794846,0.327344739,93.50412647,0.1
19788,2B,Zach Remillard,7,27.5,0.9,856,0.108644859,0.234813084,0.462686566,0.249102495,0.346660562,0.387192333,0.733852895,0.138089837,6.149505714,0.308695382,0.155616342,111.489253,0.545865169,0.333221075,92.9490733,0.4
19455,2B,Andruw Monasterio,7,24.5,-2.1,871,0.114810562,0.233065441,0.492610838,0.278866815,0.367393799,0.42360105,0.79099485,0.144734235,5.550853472,0.357695717,-1.022828861,129.5084417,16.92435589,0.354384185,116.4532297,1.1
19358,OF,Weston Wilson,7,26.5,-0.1,708,0.094632768,0.265536723,0.356382978,0.241886948,0.31638418,0.424264388,0.740648568,0.18237744,5.211098221,0.298512884,1.212950002,88.40707417,-3.823992117,0.327115739,98.41993129,0
18217,C,Brett Sullivan,7,27.5,0.9,820,0.084146341,0.136585366,0.616071428,0.259061901,0.323539421,0.415244281,0.738783702,0.156182381,5.185335924,0.277818526,-0.654279871,100.6500248,-13.458908,0.323057247,81.45583354,-0.5
18123,OF,Nathan Lukes,7,26.5,-0.1,810,0.083950617,0.160493827,0.523076922,0.292160112,0.358893461,0.43752854,0.796422001,0.145368428,4.77203569,0.335672207,0.74857444,118.9438404,13.56534594,0.352905759,112.9891243,2.5
17737,n/a,Josh Lester,7,26.5,-0.1,1053,0.079772079,0.251661918,0.316981129,0.253070507,0.316534938,0.523656487,0.840191425,0.27058598,4.807230635,0.285193896,-1.400254035,160.4127625,23.94729938,0.357826459,119.9600169,0
16680,n/a,Brian O'Keefe,7,27.5,0.9,808,0.0990099,0.261138613,0.379146917,0.261803922,0.340346534,0.469601854,0.809948388,0.207797933,3.295652776,0.322005146,-1.048708275,119.3421614,3.846027616,0.351200438,109.9468493,0
16496,OF,Forrest Wall,7,25.5,-1.1,803,0.089663761,0.264009962,0.339622642,0.259515227,0.337496824,0.356837853,0.694334678,0.097322627,8.467394054,0.35741069,8.452880218,91.89594773,-19.88220181,0.314680051,84.05155511,0.2
12140,n/a,Juniel Querecuto,7,28.5,1.9,828,0.072463768,0.171497584,0.422535209,0.277718764,0.329710144,0.451455572,0.781165717,0.173736808,5.862446655,0.311476519,-0.446360353,112.9015228,-2.272703971,0.336701268,93.94950479,0
30116,OF,Seiya Suzuki,0,0,0,0,0,0,0,0,0,0,0,0,0,0,0,0,0,0,0,8.6
27684,2B,Michael Massey,5,23,0.2,439,0.075170842,0.154897494,0.485294113,0.288659793,0.350917431,0.530927835,0.881845266,0.242268042,6.229956702,0.29738562,0.769785023,77.45248415,20.18598937,0.384402261,136.7452272,2.2
27676,1B,Vinnie Pasquantino,6,23,-1.1,513,0.124756335,0.124756335,1,0.299771167,0.393762183,0.562929061,0.956691244,0.263157894,4.972782258,0.302259887,0.647712515,102.5701743,35.65836922,0.415171518,153.3424857,3
27615,OF,Alec Burleson,7,22,-4.6,503,0.083499005,0.200795228,0.415841581,0.269736842,0.328685258,0.453947368,0.782632626,0.184210526,2.51271352,0.299703264,-0.193496083,70.25828133,5.035888441,0.344780439,104.7925992,-0.1
27555,OF,Garrett Mitchell,6,22,-2.1,268,0.171641791,0.264925373,0.647887324,0.257918552,0.388059701,0.411764705,0.799824406,0.153846153,7.635699779,0.345070422,2.141950278,43.28876008,9.5496452,0.366324458,125.763807,3
27465,1B,Spencer Torkelson,7,21,-5.6,530,0.145283018,0.215094339,0.675438594,0.266821345,0.383018867,0.552204176,0.935223043,0.285382831,4.230636199,0.285234899,-0.988223282,100.4542408,32.49928484,0.400760341,149.6628565,0.6
26466,OF,Matt Wallner,5,23,0.2,300,0.093333333,0.333333333,0.279999999,0.265151515,0.35,0.503787878,0.853787878,0.238636363,3.519150767,0.366666666,-0.958365612,50.94727951,11.72357729,0.376447507,131.7396213,3.7
26396,3B,Josh Smith,6,23,-1.1,351,0.122507122,0.176638176,0.693548387,0.309027777,0.428571428,0.534722222,0.96329365,0.225694445,7.892371755,0.355140186,2.529693767,75.07315434,28.14024381,0.427606328,160.7320011,2.9
26368,OF,JJ Bleday,6,23,-1.1,468,0.136752136,0.215811965,0.633663365,0.211586901,0.322649572,0.372795969,0.695445541,0.161209068,4.398626983,0.25,-0.398966704,55.33451852,-1.854459553,0.315585346,95.70604095,3.3
26323,OF,Spencer Steer,6,23,-1.1,488,0.112704918,0.215163934,0.523809525,0.254196642,0.348360655,0.48441247,0.832773125,0.230215828,5.36994115,0.277966101,-0.742575064,77.26183992,13.6126421,0.36599888,119.7331479,3.5
26299,3B,Josh Jung,7,23,-3.6,342,0.090643274,0.222222222,0.407894733,0.325657894,0.397660818,0.592105263,0.989766081,0.266447369,3.17880391,0.38095238,-0.649467376,72.01706123,24.7437498,0.420695735,152.302621,3.2
26294,2B,Bryson Stott,7,23,-3.6,487,0.133470225,0.221765913,0.60185185,0.299043062,0.390143737,0.485645933,0.87578967,0.186602871,4.615540843,0.365771812,-0.264327418,86.88517699,24.2099984,0.383126462,134.7352998,7.2
26289,SS,Gunnar Henderson,6,20,-4.1,463,0.120950323,0.308855291,0.391608389,0.258145363,0.349892008,0.476190476,0.826082484,0.218045113,6.977615117,0.352459016,1.658867142,75.9587466,12.93634673,0.36403076,121.2704414,13.4
26288,C,Adley Rutschman,7,23,-3.6,543,0.145488029,0.165745856,0.877777777,0.28539823,0.396678966,0.502212389,0.898891355,0.216814159,3.397966488,0.3090379,-1.701598938,99.51873984,30.42825231,0.392464888,138.7135065,13.8
26151,OF,Kyle Stowers,7,23,-3.6,530,0.137735849,0.322641509,0.426900585,0.278396436,0.383018867,0.514476614,0.897495481,0.236080178,3.755200665,0.385826771,-0.74628944,96.91743476,28.09323398,0.388298636,137.0168311,-0.9
26123,3B,Brett Baty,6,21,-3.1,385,0.119480519,0.254545454,0.469387754,0.292168674,0.381818181,0.472891566,0.854709747,0.180722892,3.5719884,0.377777777,-0.573032314,67.35596644,16.59357698,0.375367695,136.346636,-0.1
26121,C,Francisco Alvarez,5,19,-3.8,400,0.1375,0.2225,0.617977528,0.272171253,0.3875,0.553516819,0.941016819,0.281345566,4.476078299,0.294117647,-1.268434446,79.9391844,25.64879069,0.406192958,151.5068858,5
26031,2B,Vaughn Grissom,5,20,-2.8,380,0.118421052,0.142105263,0.83333333,0.318611987,0.417989417,0.463722397,0.881711814,0.14511041,6.940399488,0.361538461,0.803325162,74.34539734,22.3111053,0.407445288,144.835933,-0.4
25976,OF,Riley Greene,7,20,-6.6,558,0.112903225,0.274193548,0.411764704,0.301030927,0.387096774,0.534020618,0.921117392,0.232989691,7.464206295,0.392282958,2.257352907,104.6261947,33.63472461,0.397431511,146.881604,7.2
25961,OF,Kerry Carpenter,6,23,-1.1,461,0.062906724,0.203904555,0.308510636,0.26201923,0.318872017,0.432692307,0.751564324,0.170673077,3.435761356,0.299363057,-1.900860846,59.39798912,0.974458482,0.325106929,99.95970254,4.8
25931,OF,Michael Harris II,5,20,-2.8,420,0.083333333,0.18095238,0.460526316,0.294117647,0.361904761,0.435828877,0.797733638,0.14171123,6.756463204,0.349152542,3.091174506,65.24217319,8.054797465,0.348887679,121.620793,10.6
25878,OF,Corbin Carroll,5,20,-2.8,29,0.206896551,0.24137931,0.857142855,0.434782608,0.551724137,0.913043478,1.464767615,0.47826087,8.77831631,0.571428571,0.049538364,10.40198113,6.43465391,0.596547101,262.2341295,11
25867,SS,Ryan Kreidler,7,23,-3.6,550,0.101818181,0.287272727,0.354430377,0.269709543,0.349090909,0.454356846,0.803447755,0.184647303,4.772388876,0.35064935,-0.119389293,82.4183447,12.47491108,0.351866199,117.305187,-0.5
25845,1B,Michael Toglia,6,22,-2.1,499,0.130260521,0.284569138,0.457746479,0.228235294,0.33266533,0.444705882,0.777371212,0.216470588,5.349074751,0.281954887,-0.142752436,71.93380102,5.370616493,0.343126747,101.9490391,-0.8
25816,C,Shea Langeliers,7,23,-3.6,384,0.1015625,0.268229166,0.378640778,0.255882352,0.338541666,0.494117647,0.832659313,0.238235295,2.641361935,0.300925925,0.089858,59.86143255,12.85286918,0.362355738,135.8950445,2.7
25768,SS,CJ Abrams,6,20,-4.1,183,0.081967213,0.196721311,0.416666667,0.296296296,0.362637362,0.419753086,0.782390448,0.12345679,5.912035796,0.365079365,1.64469413,26.68189428,2.816016085,0.352998009,118.9854076,3.9
25764,SS,Bobby Witt Jr.,7,21,-5.6,564,0.090425531,0.232269503,0.389312974,0.28973843,0.360568383,0.575452716,0.936021099,0.285714286,6.873589421,0.326470588,0.50193103,104.5018935,31.57401806,0.399307814,140.4711554,18.7
25660,OF,Will Brennan,6,23,-1.1,446,0.096412556,0.161434977,0.597222224,0.286082474,0.368539325,0.409793814,0.778333139,0.12371134,5.365752439,0.334394904,-0.346619261,67.39202328,9.870025677,0.353050335,118.0439704,0.8
25543,C,Korey Lee,7,22,-4.6,362,0.085635359,0.187845303,0.455882354,0.276595744,0.339779005,0.437689969,0.777468974,0.161094225,4.359466356,0.318725099,0.136259456,51.06176992,2.505680741,0.342112785,104.1243089,-1.7
25459,OF,Peyton Burdick,7,24,-2.6,491,0.16089613,0.297352342,0.54109589,0.224438902,0.366598778,0.456359102,0.82295788,0.2319202,4.997058939,0.288793103,-0.481841571,78.29011181,18.10395832,0.367089255,129.7108679,-0.5
25353,2B,Michael Stefanic,7,25,-1.6,554,0.093862815,0.138989169,0.675324672,0.336048879,0.407942238,0.49287169,0.900813928,0.156822811,2.690199216,0.370927318,-1.549140261,104.1552319,24.85098823,0.391198526,129.5452363,-0.3
25111,OF,David Hensley,6,25,0.9,445,0.103370786,0.233707865,0.44230769,0.292929292,0.368539325,0.439393939,0.807933264,0.146464647,5.353969765,0.376760563,0.718986977,68.22924146,10.19472891,0.361986258,120.7824744,-0.7
25055,OF,Nate Eaton,5,24,1.2,322,0.121118012,0.232919254,0.52,0.242647058,0.350157728,0.367647058,0.717804786,0.125,6.835551062,0.314136125,2.64820542,43.89335924,1.559184999,0.335602572,104.8617696,-0.1
25040,3B,Vinny Capra,7,24,-2.6,293,0.088737201,0.262798634,0.337662337,0.31640625,0.389655172,0.53125,0.920905172,0.21484375,5.905500698,0.415204678,0.147907327,55.34951939,18.20064688,0.398481808,148.8803373,-0.1
24782,1B,David Villar,6,24,-0.1,446,0.103139013,0.251121076,0.410714284,0.275324675,0.374439461,0.506493506,0.880932967,0.231168831,3.831126032,0.339920948,0.260114182,79.5100507,22.98750262,0.384594945,141.3198448,0.5
24770,OF,James Outman,6,24,-0.1,491,0.128309572,0.283095723,0.453237409,0.265700483,0.378818737,0.490338164,0.869156901,0.224637681,8.326908118,0.356589147,2.119439944,87.09326824,23.04966223,0.387531738,138.2632203,4
24729,C,Logan O'Hoppe,7,21,-5.6,438,0.075342465,0.173515981,0.434210524,0.269720101,0.331050228,0.458015267,0.789065495,0.188295166,4.085111568,0.290849673,-0.603209298,64.85032823,5.932145693,0.342079883,111.6560026,2.4
24703,1B,Jonah Bride,6,25,0.9,334,0.170658682,0.170658682,1,0.265151515,0.407185628,0.424242424,0.831428052,0.159090909,4.13661127,0.301980198,0.290436446,56.66054759,13.10205952,0.381486816,130.9989605,0.7
24679,2B,Brendan Donovan,7,24,-2.6,459,0.108932461,0.167755991,0.649350645,0.304347826,0.39869281,0.455242966,0.853935776,0.15089514,5.191371394,0.349673202,-0.304476794,79.67858369,20.10240399,0.384411074,131.1031908,7.3
24610,OF,Steven Kwan,7,23,-3.6,341,0.105571847,0.09090909,1.161290329,0.327702702,0.406528189,0.527027027,0.933555216,0.199324325,6.329027094,0.334645669,-0.022800497,66.67855896,23.28456302,0.407292356,154.9553028,11.9
24589,2B,Richie Palacios,7,24,-2.6,428,0.135514018,0.163551401,0.828571429,0.296918767,0.403755868,0.470588235,0.874344103,0.173669468,7.230655153,0.349823321,2.256468064,76.63794925,22.18110327,0.387378419,142.129899,1.3
24491,OF,Travis Swaggerty,7,23,-3.6,48,0.125,0.166666666,0.750000003,0.219512195,0.333333333,0.43902439,0.772357723,0.219512195,5.223214286,0.2,0.541519425,6.674752026,0.520277529,0.343299352,108.8681999,-0.2
24400,OF,Terrin Vavra,6,24,-0.1,218,0.155963302,0.220183486,0.708333331,0.275280898,0.405529953,0.449438202,0.854968155,0.174157304,6.542190779,0.352,0.299895816,39.04791638,11.00783211,0.384526783,131.8019321,-0.2
24273,SS,Liover Peguero,5,20,-2.8,417,0.07913669,0.251798561,0.314285712,0.270053475,0.331719128,0.443850267,0.775569395,0.173796792,7.098839635,0.337209302,2.390687921,61.03802831,4.259133845,0.338431633,102.3690284,0.1
24064,SS,Ezequiel Tovar,5,19,-3.8,469,0.036247334,0.121535181,0.298245608,0.287037037,0.32173913,0.474537037,0.796276167,0.1875,7.49196235,0.299450549,1.317083783,70.50814191,3.905141468,0.348829158,104.3518108,5.2
23818,OF,Ji Hwan Bae,6,21,-3.1,372,0.102150537,0.223118279,0.457831324,0.281345565,0.360215053,0.422018348,0.782233401,0.140672783,7.820304779,0.351464435,0.206034976,54.81260841,7.537905753,0.347395499,115.3018648,-0.5
23794,3B,Jordan Groshans,6,21,-3.1,316,0.107594936,0.193037974,0.557377047,0.291366906,0.367088607,0.449640287,0.816728894,0.158273381,1.774801584,0.34741784,-0.219051417,49.75565542,9.708289516,0.359538465,124.290634,-0.1
23792,OF,Alek Thomas,7,21,-5.6,495,0.105050505,0.2,0.525252525,0.312643678,0.393939393,0.558620689,0.952560082,0.245977011,6.635664577,0.369905956,-1.915348701,98.61019794,31.21219696,0.409621327,131.3479706,0.9
23733,OF,Ezequiel Duran,5,22,-0.8,471,0.08492569,0.276008492,0.307692308,0.266826923,0.341825902,0.485576923,0.827402825,0.21875,7.188639782,0.338235294,-0.852378787,75.51084309,11.37928603,0.354497788,119.0170893,1.8
23697,OF,Julio Rodriguez,6,20,-4.1,340,0.126470588,0.194117647,0.651515151,0.347079037,0.44117647,0.560137457,1.001313927,0.21305842,6.582077942,0.415094339,1.539073445,75.96588848,30.76868583,0.442191716,172.7683487,15.5
23359,OF,Nelson Velazquez,6,22,-2.1,425,0.070588235,0.310588235,0.227272727,0.27012987,0.332547169,0.496103896,0.828651065,0.225974026,6.240139854,0.357446808,2.030348895,65.81476007,11.50463439,0.359669243,121.6173831,0.5
23264,OF,Canaan Smith-Njigba,7,22,-4.6,289,0.162629757,0.25951557,0.626666666,0.258333333,0.380622837,0.379166666,0.759789503,0.120833333,4.746216035,0.35,1.918533465,42.14839436,5.488617958,0.346124779,114.8275319,-0.5
23003,C,Yainer Diaz,5,22,-0.8,412,0.055825242,0.152912621,0.365079361,0.323759791,0.361650485,0.527415143,0.889065628,0.203655352,3.863207004,0.348534201,-0.407367292,76.44716767,20.07452271,0.39284915,133.0737852,5.3
22896,2B,Lenyn Sosa,6,21,-3.1,474,0.033755274,0.221518987,0.152380951,0.270509977,0.300211416,0.401330376,0.701541792,0.130820399,3.040554382,0.329376854,-2.046910985,56.19331423,-6.657352663,0.30725608,87.93404312,-0.8
22823,3B,Oswald Peraza,7,21,-5.6,511,0.072407045,0.217221135,0.333333333,0.296774193,0.356164383,0.477419354,0.833583737,0.180645161,6.620228336,0.355029585,2.761409553,83.1505256,17.14693147,0.363864146,128.2117059,0.3
22715,2B,Maikel Garcia,5,21,-1.8,480,0.129166666,0.152083333,0.849315066,0.291262135,0.379958246,0.405339805,0.785298051,0.11407767,8.103379087,0.34117647,3.06464517,76.21066313,12.02992705,0.363921146,117.2754498,3.5
22664,C,Gabriel Moreno,7,21,-5.6,159,0.088050314,0.157232704,0.559999998,0.366906474,0.433962264,0.62589928,1.059861544,0.258992806,3.949341267,0.398148148,-0.811626941,37.32145314,17.08170028,0.452940413,183.5321062,5.6
22650,2B,Jordan Diaz,5,20,-2.8,365,0.06849315,0.158904109,0.43103448,0.288288288,0.336986301,0.483483483,0.820469784,0.195195195,2.72700145,0.310861423,-1.559004155,57.41859042,9.805217763,0.361152192,108.0674677,-1
22563,3B,Gabriel Arias,7,21,-5.6,483,0.080745341,0.227743271,0.354545452,0.284403669,0.347826086,0.45412844,0.801954526,0.169724771,4.741841256,0.351265822,0.000366796,71.04930512,9.119905493,0.352887216,114.985698,0.1
22557,OF,Michael Siani,5,21,-1.8,408,0.122549019,0.25245098,0.485436892,0.21590909,0.321078431,0.326704545,0.647782976,0.110795455,7.992220445,0.286885245,0.696861314,45.19219991,-8.030419383,0.304546379,83.86929505,0.6
22532,OF,Tyler Freeman,6,22,-2.1,180,0.044444444,0.116666666,0.380952379,0.323170731,0.372222222,0.469512195,0.841734417,0.146341464,6.026148821,0.356643356,-0.203462178,29.66198716,6.850196459,0.368365454,132.2555621,0.6
22515,OF,Heliot Ramos,7,21,-5.6,495,0.084848484,0.278787878,0.304347824,0.25389755,0.323232323,0.416481069,0.739713392,0.162583519,5.898502666,0.336700336,0.813908984,62.9609893,-4.536353708,0.32446716,98.09940022,1.8
22514,1B,Triston Casas,7,21,-5.6,371,0.153638814,0.191374663,0.802816902,0.279220779,0.393530997,0.483766233,0.87729723,0.204545454,5.6610271,0.31858407,-0.229816565,66.16305649,19.08300718,0.38530323,138.0459353,2.8
22505,DH,Buddy Kennedy,6,22,-2.1,406,0.123152709,0.24137931,0.510204081,0.290229885,0.384236453,0.522988505,0.907224958,0.23275862,5.641877427,0.341991341,0.96792676,75.43450864,21.67466835,0.398115276,129.0058622,0.3
22471,2B,Livan Soto,6,21,-3.1,450,0.093333333,0.244444444,0.381818181,0.2175,0.293333333,0.3475,0.640833333,0.13,7.095435569,0.277777777,-0.273113448,45.13258593,-15.78673671,0.291246332,79.26744903,0.7
22411,OF,Cal Stevenson,6,24,-0.1,365,0.153424657,0.21369863,0.717948716,0.254237288,0.367688022,0.40338983,0.771077852,0.149152542,5.488263707,0.306976744,1.160591819,52.68683799,8.084323035,0.347968021,118.2967806,-0.1
22277,SS,Nick Allen,7,22,-4.6,380,0.076315789,0.2,0.381578945,0.288235294,0.34574468,0.402941176,0.748685856,0.114705882,5.051693896,0.351145038,-0.981516541,49.69779484,-2.445647522,0.335199998,93.87880879,-0.4
22263,2B,Nolan Gorman,7,21,-5.6,523,0.072657743,0.219885277,0.330434779,0.279166666,0.332695984,0.48125,0.813945984,0.202083334,4.139869214,0.317784256,0.56631875,77.33758517,9.851155633,0.354477808,111.9610388,2.6
22261,OF,Bubba Thompson,6,23,-1.1,470,0.061702127,0.257446808,0.239669419,0.275058275,0.325431034,0.482517482,0.807948516,0.207459207,8.209917248,0.346938775,1.272001574,68.54358204,7.248703617,0.353039486,112.434019,-0.3
22244,OF,Jack Suwinski,6,22,-2.1,449,0.155902004,0.278396436,0.559999999,0.261580381,0.382550335,0.485013623,0.867563958,0.223433242,5.577438435,0.337719298,-1.607823174,77.46838392,19.58242135,0.381850095,137.6866278,2.8
22202,SS,Jeter Downs,7,22,-4.6,405,0.09382716,0.32345679,0.290076334,0.19047619,0.272277227,0.333333333,0.60561056,0.142857143,4.761937235,0.248847926,1.869679211,32.43611438,-19.49226418,0.273002017,60.73773363,-0.3
22197,OF,MJ Melendez,7,22,-4.6,531,0.141242937,0.216572504,0.652173911,0.287946428,0.38606403,0.625,1.01106403,0.337053572,3.60761271,0.294314381,-2.438823598,111.0269164,42.18088581,0.427981127,158.7430453,-0.4
22184,3B,Mark Vientos,7,21,-5.6,349,0.094555873,0.286532951,0.329999997,0.280645161,0.35243553,0.580645161,0.933080691,0.3,1.726903608,0.329787234,-1.107735144,64.65898252,20.36555491,0.393672515,147.9327746,1.9
22169,DH,Cal Mitchell,7,22,-4.6,440,0.054545454,0.170454545,0.319999998,0.278606965,0.328018223,0.422885572,0.750903795,0.144278607,3.017738077,0.3125,-2.165227397,57.90253085,2.109168785,0.328719772,103.5318341,-0.7
22117,1B,Nick Pratto,7,22,-4.6,545,0.152293577,0.288073394,0.528662418,0.265168539,0.3853211,0.602247191,0.987568291,0.337078652,6.666965881,0.315384615,-0.21300418,109.6552763,39.17233262,0.41829873,152.6972685,-0.8
22093,OF,Steele Walker,7,24,-2.6,468,0.081196581,0.194444444,0.417582418,0.241134751,0.307692307,0.399527186,0.707219493,0.158392435,5.040513388,0.271875,-0.609300398,52.51642548,-11.97688181,0.312648331,84.20002355,-0.1
21897,2B,Christopher Morel,7,22,-4.6,456,0.09868421,0.293859649,0.335820894,0.223325062,0.302631578,0.426799007,0.729430585,0.203473945,7.676326604,0.28125,2.182654379,55.85489883,-0.102457544,0.321103446,97.93040564,2.3
21871,OF,Jerar Encarnacion,6,23,-1.1,266,0.093984962,0.383458646,0.245098039,0.221276595,0.308270676,0.39574468,0.704015356,0.174468085,4.033866412,0.344,-1.198090253,31.5176664,-1.055388777,0.316097229,95.8340679,-0.2
21865,C,Bo Naylor,6,21,-3.1,356,0.103932584,0.314606741,0.330357143,0.188498402,0.279661016,0.33226837,0.611929386,0.143769968,5.87046364,0.255208333,1.811513927,31.1460848,-13.97056793,0.275332331,71.69433417,3.5
21853,OF,Will Benson,7,23,-3.6,439,0.16856492,0.332574031,0.506849316,0.205633802,0.348623853,0.433802816,0.782426669,0.228169014,7.292066329,0.288659793,0.274673973,63.43412826,7.639698224,0.345502313,115.7687642,0.9
21840,C,Freddy Fermin,7,26,-0.6,319,0.097178683,0.175548589,0.553571427,0.276595744,0.355345911,0.439716312,0.795062223,0.163120568,3.405900483,0.313364055,-0.352350925,47.48087195,5.913746064,0.356730932,112.4677657,3.7
21837,1B,Jonathan Aranda,6,23,-1.1,411,0.102189781,0.184914841,0.552631581,0.33045977,0.418491484,0.543103448,0.961594932,0.212643678,6.071673343,0.382575757,-0.084046905,84.2438539,32.77760457,0.419189716,163.5685869,0.3
21780,OF,Esteury Ruiz,6,22,-2.1,353,0.079320113,0.206798866,0.383561644,0.249190938,0.327586206,0.411003236,0.738589442,0.161812298,7.895621372,0.293859649,3.94196589,45.30372744,-0.732638695,0.332128786,105.5880491,0.7
21707,3B,Oswaldo Cabrera,7,22,-4.6,514,0.079766536,0.247081712,0.322834642,0.271948608,0.330078125,0.533190578,0.863268703,0.26124197,5.760437097,0.31210191,1.705456625,84.57841048,19.38457707,0.368353721,132.2401508,1.5
21636,SS,Jeremy Pena,7,23,-3.6,160,0.05,0.25625,0.195121951,0.296551724,0.3625,0.579310344,0.941810344,0.28275862,7.641051066,0.351063829,0.586680076,30.59439149,7.047124609,0.395482836,136.5792468,8.7
21634,n/a,Ford Proctor,6,24,-0.1,381,0.16535433,0.262467191,0.629999999,0.243506493,0.380577427,0.418831168,0.799408595,0.175324675,4.539566426,0.316582914,-1.026408178,59.17234678,12.61465309,0.361560967,127.2694044,0
21304,n/a,Mark Kolozsvary,7,25,-1.6,237,0.097046413,0.320675105,0.302631578,0.220588235,0.329113924,0.401960784,0.731074708,0.181372549,3.89285714,0.314049586,-0.116411268,30.64920979,1.284815052,0.330535967,99.56569114,0
21293,n/a,Dalton Guthrie,7,25,-1.6,331,0.063444108,0.220543806,0.28767123,0.261589403,0.320121951,0.400662251,0.720784202,0.139072848,4.553458229,0.324324324,-0.583044611,40.27459861,-2.029265052,0.319076936,91.6286015,0
21270,OF,Sean Bouchard,6,25,0.9,381,0.086614173,0.265091863,0.326732673,0.266081871,0.335958005,0.494152046,0.830110051,0.228070175,6.046450149,0.336244541,-0.363623494,59.5493943,11.26443731,0.358145994,120.2997498,0.9
20970,OF,Oscar Gonzalez,7,23,-3.6,504,0.043650793,0.222222222,0.196428569,0.292887029,0.329365079,0.541841004,0.871206083,0.248953975,2.459762993,0.325373134,-0.64493847,83.47522656,19.14896792,0.372841975,130.884108,0
20926,1B,Dermis Garcia,6,23,-1.1,443,0.117381489,0.379232505,0.309523808,0.21038961,0.306997742,0.485714285,0.792712027,0.275324675,4.640934698,0.264550264,0.887012132,62.47677035,6.334418787,0.339772163,114.3664448,0.2
20599,C,Ivan Herrera,7,21,-5.6,441,0.136054421,0.217687074,0.624999999,0.228882833,0.342403628,0.403269754,0.745673382,0.174386921,1.819418633,0.25670498,-1.077168715,58.70248008,1.198411731,0.337825342,98.16925956,2.2
20572,DH,Kody Clemens,7,25,-1.6,424,0.08490566,0.231132075,0.367346938,0.244736842,0.308962264,0.457894736,0.766857,0.213157894,6.49590399,0.277777777,-0.064297608,54.84324909,0.419890175,0.331730291,104.1195451,-0.2
20543,1B,Elehuris Montero,7,22,-4.6,500,0.106,0.22,0.481818182,0.278422273,0.36,0.52900232,0.88900232,0.250580047,2.285098515,0.304635761,-0.320722939,86.81122266,20.92742931,0.377780927,127.5094319,-2.6
20538,3B,Jose Miranda,7,23,-3.6,591,0.071065989,0.125211505,0.567567565,0.343925233,0.401015228,0.571962616,0.972977844,0.228037383,2.634952262,0.354838709,-1.540158776,120.4621653,44.20637928,0.42117169,152.8757615,1.7
20529,OF,Nolan Jones,7,23,-3.6,407,0.144963144,0.299754299,0.483606555,0.237536656,0.356265356,0.431085043,0.787350399,0.193548387,5.261926203,0.326923076,0.635022999,59.18921992,7.004404919,0.350894043,113.699803,3.1
20505,OF,Drew Waters,7,22,-4.6,459,0.102396514,0.309368191,0.330985916,0.240099009,0.328976034,0.381188118,0.710164152,0.141089109,6.545192204,0.341269841,1.056822482,55.16212718,-3.690035191,0.320793958,93.53582455,1.3
20437,3B,Royce Lewis,0,0,0,0,0,0,0,0,0,0,0,0,0,0,0,0,0,0,0,3.9
20404,1B,Jared Young,7,25,-1.6,285,0.098245614,0.192982456,0.509090909,0.290196078,0.361403508,0.470588235,0.831991743,0.180392157,4.949847985,0.338541666,0.146190809,45.22757612,9.552198647,0.366956529,124.4755144,-0.1
20178,3B,Miguel Vargas,6,21,-3.1,542,0.08302583,0.164206642,0.505617976,0.318840579,0.3800738,0.525879917,0.905953717,0.207039338,5.549891958,0.346560846,1.332769946,99.90361062,29.21320913,0.397438592,144.2729252,-1.4
20165,DH,J.J. Matijevic,7,25,-1.6,457,0.115973741,0.295404814,0.39259259,0.253731343,0.341356673,0.51243781,0.853794483,0.258706467,5.180030148,0.316872427,0.567408846,72.48176052,7.453634581,0.362382583,119.6364067,-0.2
20157,1B,Matthew Batten,7,26,-0.6,495,0.107070707,0.254545454,0.420634921,0.293181818,0.367676767,0.381818181,0.749494948,0.088636363,6.456408322,0.396774193,2.24231259,68.40582455,-4.146813561,0.336493701,85.28177224,0.5
20122,OF,Mark Contreras,7,26,-0.6,470,0.091489361,0.29574468,0.309352517,0.251219512,0.338297872,0.485365853,0.823663725,0.234146341,6.514761158,0.325490196,0.371319189,70.75129116,10.32180074,0.357253751,112.1190855,0
20054,1B,Bligh Madris,7,25,-1.6,418,0.112440191,0.181818181,0.618421053,0.266666666,0.352517985,0.416666666,0.769184651,0.15,2.395898258,0.30960854,-1.861185155,57.76691085,4.220735023,0.341748523,108.1982428,-0.6
20017,DH,Miles Mastrobuoni,7,25,-1.6,434,0.11751152,0.209677419,0.560439558,0.295811518,0.377880184,0.424083769,0.801963953,0.128272251,5.245269635,0.37630662,-1.797379977,66.55305303,12.40521347,0.359757239,121.3748607,-0.5
20002,OF,Bryce Johnson,7,25,-1.6,407,0.117936117,0.265356265,0.444444442,0.28611898,0.37684729,0.433427762,0.810275052,0.147308782,8.159764207,0.388185654,3.676416089,63.60070548,3.552057659,0.355775684,112.754746,-0.2
19983,DH,Conner Capel,7,24,-2.6,419,0.102625298,0.193317422,0.530864197,0.257452574,0.336515513,0.43902439,0.775539903,0.181571816,5.022919828,0.291366906,-1.050536023,57.34148973,3.591699102,0.340691996,104.9628825,0.5
19967,n/a,Ryan Aguilar,6,26,1.9,258,0.143410852,0.348837209,0.411111109,0.145539906,0.286274509,0.248826291,0.5351008,0.103286385,5.937605266,0.213675213,1.305905809,19.02261757,-12.50463957,0.260391211,61.11275037,0
19964,3B,Eguy Rosario,6,21,-3.1,481,0.101871101,0.226611226,0.449541282,0.28095238,0.360416666,0.454761904,0.81517857,0.173809524,6.181614112,0.34868421,-0.471858487,73.89487665,11.16543724,0.362348903,124.9883753,0.6
19859,C,Rene Pinto,7,24,-2.6,382,0.057591623,0.298429319,0.192982456,0.274011299,0.324607329,0.5,0.824607329,0.225988701,3.079134635,0.348416289,-0.319570451,58.02564482,10.07562792,0.357811408,118.5595192,0.5
19842,n/a,Caleb Hamilton,7,26,-0.6,279,0.154121863,0.322580645,0.477777776,0.181034482,0.308243727,0.340517241,0.648760968,0.159482759,3.934145937,0.242647058,0.266870761,28.4040167,-7.913577548,0.30028679,74.04281757,0
19828,OF,Cody Thomas,7,26,-0.6,245,0.102040816,0.318367346,0.32051282,0.288990825,0.363265306,0.665137614,1.02840292,0.376146789,4.51785714,0.365853658,-0.101608186,51.47347434,15.3262539,0.413168301,130.7667536,0
19824,n/a,Chuckie Robinson,6,26,1.9,244,0.114754098,0.18852459,0.608695651,0.247619047,0.352459016,0.4,0.752459016,0.152380953,3.397144168,0.282051282,-0.525979199,34.08967366,4.273197908,0.342218907,107.9102463,-0.8
19813,3B,Charles Leblanc,7,25,-1.6,374,0.106951871,0.350267379,0.30534351,0.228915662,0.312834224,0.454819277,0.767653501,0.225903615,5.560089341,0.318918918,-0.714043125,47.30636374,-7.873474802,0.324024558,87.78835303,0.7
19806,C,Jason Delay,7,26,-0.6,98,0.040816326,0.336734693,0.12121212,0.170212765,0.204081632,0.276595744,0.480677376,0.106382979,1.253968246,0.237288135,-0.053222105,3.350594088,-9.125628457,0.213388863,26.9013892,1.4
19780,n/a,Esteban Quiroz,7,29,2.4,280,0.164285714,0.214285714,0.766666666,0.275555555,0.414285714,0.56,0.974285714,0.284444445,5.402195817,0.315789473,0.243278789,57.95395322,21.74445321,0.424035891,154.0543825,0.2
19779,OF,Dairon Blanco,7,28,1.4,477,0.075471698,0.199161425,0.378947369,0.277251184,0.350318471,0.440758293,0.791076764,0.163507109,8.507877764,0.328025477,1.63091831,69.96537426,8.082662996,0.353554544,110.8037101,1.7
19717,1B,Darick Hall,7,25,-1.6,471,0.116772823,0.212314225,0.549999996,0.23,0.338297872,0.4025,0.740797872,0.1725,1.36933283,0.269896193,-1.418959108,61.19037331,0.799592309,0.332401594,99.97183299,-0.2
19667,n/a,Zach Reks,7,27,0.4,379,0.121372031,0.284960422,0.425925924,0.280373831,0.381962864,0.538940809,0.920903673,0.258566978,3.168287333,0.362244897,-0.730605934,70.82013346,14.90259655,0.388394635,127.2389235,-0.3
19644,n/a,Ben DeLuzio,7,26,-0.6,265,0.064150943,0.237735849,0.269841268,0.282157676,0.343396226,0.443983402,0.787379628,0.161825726,8.726357857,0.369318181,0.641392857,37.43150996,-0.039625145,0.342943817,89.52183031,0
19625,n/a,David MacKinnon,6,26,1.9,426,0.122065727,0.19483568,0.626506023,0.284931506,0.38028169,0.473972602,0.854254292,0.189041096,2.097313392,0.334558823,-0.580412276,72.15454421,20.09791032,0.379008842,141.0812403,-0.6
19458,DH,Cooper Hummel,7,26,-0.6,366,0.172131147,0.166666666,1.032786886,0.310580204,0.431693989,0.546075085,0.977769074,0.235494881,6.317063548,0.349557522,-0.098034353,76.55137995,25.79786352,0.418299527,146.7111772,-1.5
19422,C,Brian Serven,7,26,-0.6,276,0.057971014,0.221014492,0.262295081,0.25,0.307971014,0.503968253,0.811939267,0.253968253,4.189236273,0.265536723,0.081096807,38.04933293,-2.671617434,0.336149794,83.93780583,0.1
19296,OF,Alex Call,7,26,-0.6,449,0.12026726,0.142538975,0.843749999,0.261658031,0.356347438,0.437823834,0.794171272,0.176165803,5.127835331,0.276527331,0.32860039,66.53244784,9.229956309,0.351995493,117.3736828,2.3
19273,DH,Stone Garrett,7,25,-1.6,449,0.046770601,0.265033407,0.176470587,0.276699029,0.315192743,0.509708737,0.82490148,0.233009708,5.446193946,0.327205882,1.040328086,66.7796855,8.120764172,0.356686158,97.65466901,2.1
18905,DH,Yusniel Diaz,7,24,-2.6,253,0.071146245,0.324110671,0.219512196,0.160869565,0.233201581,0.265217391,0.498418972,0.104347826,3.950524492,0.222222222,-0.68395397,11.17884889,-21.19497432,0.229068816,34.48065219,0
18899,SS,Lucius Fox,7,23,-3.6,270,0.137037037,0.248148148,0.552238806,0.244541484,0.353159851,0.375545851,0.728705702,0.131004367,6.273672293,0.32278481,2.591153319,35.52305101,0.533954935,0.333967968,97.67250983,-0.6
18821,OF,Jose Azocar,7,25,-1.6,544,0.075367647,0.213235294,0.353448276,0.281059063,0.340699815,0.437881873,0.778581688,0.15682281,7.600043535,0.347708894,-0.315722691,75.08496417,0.697269665,0.341812297,102.9025837,0.5
18690,n/a,Nick Plummer,7,24,-2.6,478,0.152719665,0.263598326,0.579365079,0.279792746,0.415094339,0.479274611,0.89436895,0.199481865,6.189595115,0.37804878,-1.764173398,89.58248517,27.46832413,0.40231688,140.5798873,-0.1
18400,1B,Juan Yepez,7,23,-3.6,434,0.11751152,0.188940092,0.621951216,0.286103542,0.382830626,0.585831062,0.968661688,0.29972752,2.027270208,0.297709923,-1.554041023,85.75978743,29.94395647,0.413402361,151.0302329,-0.1
18371,SS,Jermaine Palacios,6,24,-0.1,468,0.098290598,0.232905982,0.422018349,0.258536585,0.340471092,0.43902439,0.779495482,0.180487805,4.648129315,0.304195804,-0.147220124,66.26798172,5.233932572,0.347973619,104.5025646,-0.9
17040,C,Jose Herrera,7,24,-2.6,360,0.141666666,0.225,0.629629627,0.258169934,0.363888888,0.421568627,0.785457515,0.163398693,4.842237797,0.314814814,0.171011218,52.66441406,2.08463694,0.349196752,93.49313627,-0.6
16593,n/a,Kevin Padlo,7,24,-2.6,403,0.101736972,0.282878411,0.359649121,0.224089635,0.305210918,0.44257703,0.747787948,0.218487395,5.474771926,0.265486725,-0.068161342,50.0706467,-3.939191675,0.321526971,89.29648541,-0.6
14366,1B,Joey Meneses,7,29,2.4,369,0.067750677,0.200542005,0.337837836,0.284431137,0.333333333,0.529940119,0.863273452,0.245508982,3.084564873,0.317460317,-0.693564798,59.23686345,12.23195271,0.365811595,123.7538103,0.4
13750,n/a,Elier Hernandez,7,26,-0.6,422,0.063981042,0.289099526,0.221311473,0.230569948,0.291469194,0.393782383,0.685251577,0.163212435,3.44394886,0.292,-0.14412171,42.25282546,-18.91291491,0.295851016,70.92167317,-0.2
13408,OF,Wynton Bernard,7,30,3.4,351,0.074074074,0.216524216,0.342105264,0.253918495,0.319088319,0.394984326,0.714072645,0.141065831,9.226158917,0.312236286,3.383080223,40.30646081,-11.4799652,0.311598563,68.55040952,0
1386,n/a,Michael Papierski,0,0,0,0,0,0,0,0,0,0,0,0,0,0,0,0,0,0,0,0
13254,SS,Jacob Wilson,7,28,1.4,232,0.133620689,0.185344827,0.720930231,0.30964467,0.404347826,0.609137055,1.013484881,0.299492385,3.764318412,0.328571428,0.25788437,49.30686484,14.51978944,0.417683795,140.8329519,0
27506,SS,Ha-Seong Kim,0,0,0,0,0,0,0,0,0,0,0,0,0,0,0,0,0,0,0,8.2
26197,1B,Andrew Vaughn,5,21,-1.8,245,0.122448979,0.15510204,0.789473685,0.27804878,0.383673469,0.448780487,0.832453956,0.170731707,1.904761903,0.310975609,-0.36965648,40.54092967,12.37037016,0.385115463,138.1687969,-0.5
24655,1B,Owen Miller,6,22,-2.1,560,0.082142857,0.153571428,0.534883722,0.289940828,0.355357142,0.429980276,0.785337418,0.140039448,3.593509855,0.327628361,-1.363358634,80.50552703,14.20034624,0.354958448,108.3268784,0.9
24617,OF,Jarren Duran,6,22,-2.1,578,0.079584775,0.221453287,0.359375,0.302504816,0.366956521,0.408477842,0.775434363,0.105973026,8.155516146,0.391752577,4.34669468,81.19488298,17.89529339,0.356501096,126.1714501,2.1
23667,SS,Wander Franco,5,18,-4.8,495,0.113131313,0.07070707,1.600000014,0.327058823,0.397979797,0.487058823,0.88503862,0.16,6.176766542,0.330788804,-2.182162094,86.02134561,30.80676324,0.401761637,156.9180745,9.5
22871,SS,Tucupita Marcano,4,19,-2.2,504,0.069444444,0.089285714,0.777777775,0.269565217,0.323353293,0.336956521,0.660309814,0.067391304,4.571561107,0.29326923,-3.668675767,55.09167346,-3.05769316,0.313045917,91.83518108,-0.5
22799,SS,Geraldo Perdomo,5,19,-3.8,499,0.140280561,0.134268537,1.044776119,0.275184275,0.397177419,0.363636363,0.760813782,0.088452088,5.690145669,0.319648093,-0.419043534,74.67417524,16.27011869,0.365739886,126.2892625,2.8
22558,OF,Jarred Kelenic,6,19,-5.1,500,0.1,0.222,0.45045045,0.291196388,0.364,0.539503386,0.903503386,0.248306998,6.779127101,0.338658146,0.963818484,89.92053671,30.56215712,0.400985825,155.4231754,0.8
22458,SS,Taylor Walls,6,22,-2.1,423,0.106382978,0.186761229,0.56962025,0.269754768,0.342789598,0.452316076,0.795105674,0.182561308,7.831353023,0.309027777,-0.346187679,59.85704194,13.7848036,0.358620291,129.9137824,0.6
22275,3B,Jake Burger,0,0,0,0,0,0,0,0,0,0,0,0,0,0,0,0,0,0,0,3
22168,OF,Akil Baddoo,5,20,-2.8,131,0.091603053,0.297709923,0.307692307,0.213675213,0.290076335,0.393162393,0.683238728,0.17948718,7.394589006,0.28,0.390321522,14.40599566,0.40580565,0.316149025,101.9242708,2.1
22165,OF,Ryan Vilade,5,20,-2.8,587,0.09540034,0.161839863,0.589473682,0.302554027,0.366609294,0.46561886,0.832228154,0.163064833,7.525680892,0.342168674,1.571641969,92.19531738,20.1879167,0.370580222,113.2070812,-0.1
22164,n/a,Payton Henry,5,22,-0.8,482,0.053941908,0.294605809,0.183098589,0.241860465,0.315352697,0.395348837,0.710701534,0.153488372,2.521069987,0.323741007,0.015706934,57.55287416,3.779017565,0.331487841,105.0288429,0
21987,2B,Rodolfo Castro,5,20,-2.8,461,0.067245119,0.264642082,0.25409836,0.242206235,0.297826086,0.455635491,0.753461577,0.213429256,5.114446722,0.28975265,-0.729295674,60.06805039,8.701280387,0.338671422,115.8629824,0.2
21735,n/a,Sebastian Rivero,7,20,-6.6,334,0.056886227,0.230538922,0.246753245,0.216216216,0.273006134,0.280405405,0.553411539,0.064189189,3.226891986,0.28251121,-0.252310415,22.9663572,-14.60306694,0.26269594,65.18018172,-0.3
21711,SS,Oneil Cruz,6,20,-4.1,292,0.08219178,0.253424657,0.324324322,0.298113207,0.356164383,0.475471698,0.831636081,0.177358491,6.372607813,0.383783783,0.593152807,45.30624392,13.74628129,0.376029402,141.622301,1.8
21635,3B,Nick Maton,6,22,-2.1,456,0.109649122,0.186403508,0.588235292,0.26566416,0.349450549,0.375939849,0.725390398,0.110275689,4.204916492,0.319354838,-1.22742392,57.79370049,8.964632544,0.338838057,117.7642571,-0.4
21622,OF,Jake McCarthy,5,21,-1.8,214,0.079439252,0.242990654,0.326923076,0.276923076,0.341121495,0.405128205,0.7462497,0.128205129,8.502968989,0.368794326,2.666353363,28.33532113,2.08390078,0.339750992,107.2786239,2.5
21614,OF,Kyle Isbel,5,22,-0.8,241,0.070539419,0.203319502,0.346938775,0.232876712,0.295833333,0.397260273,0.693093606,0.164383561,7.645989564,0.268292682,0.606433089,27.43124194,-0.201337719,0.3204939,100.6174097,2.1
21562,2B,Romy Gonzalez,4,22,0.8,405,0.09382716,0.266666666,0.351851851,0.244318181,0.329177057,0.363636363,0.69281342,0.119318182,5.845848574,0.337448559,0.920192238,49.25582663,2.517247912,0.323264371,102.0552909,-0.3
21560,1B,Alfonso Rivas III,7,22,-4.6,543,0.125230202,0.220994475,0.566666664,0.291576673,0.386740331,0.423326133,0.810066464,0.13174946,3.421321346,0.371681415,-0.66488042,84.731027,17.19379515,0.367569343,126.3132274,0.1
21558,3B,Matt Vierling,5,22,-0.8,483,0.070393374,0.194616977,0.361702124,0.232018561,0.296680497,0.329466357,0.626146854,0.097447796,5.679532892,0.279411764,2.287452843,44.96905795,-6.649963215,0.29280103,87.78607338,2.5
21538,C,Nick Fortes,5,22,-0.8,297,0.084175084,0.164983164,0.510204084,0.216730038,0.292929292,0.30798479,0.600914082,0.091254752,3.023429479,0.25116279,-0.32474415,25.94395114,-5.796937651,0.284840702,88.56897607,2.1
21534,C,Cal Raleigh,6,22,-2.1,507,0.092702169,0.228796844,0.405172411,0.25054945,0.3234714,0.496703296,0.820174696,0.246153846,3.018234878,0.272435897,0.634945074,75.24977602,13.73461515,0.359859842,127.158477,8.4
21523,2B,Jonathan India,6,22,-2.1,512,0.115234375,0.21484375,0.536363636,0.259345794,0.365234375,0.401869158,0.767103533,0.142523364,6.161963236,0.317460317,0.016010601,71.06130149,15.8265403,0.355439841,123.2828456,5.2
21501,OF,Trevor Larnach,6,22,-2.1,542,0.105166051,0.228782287,0.459677418,0.308823529,0.383763837,0.457983193,0.84174703,0.149159664,2.974489389,0.389534883,0.095150205,86.80000369,28.23086724,0.384740724,145.9818641,1
21454,OF,Lars Nootbaar,6,21,-3.1,387,0.116279069,0.142118863,0.818181813,0.263929618,0.348837209,0.363636363,0.712473572,0.099706745,3.24254097,0.296428571,-0.984036162,48.51528681,4.85010581,0.334697047,113.0442418,6.3
21127,2B,Alejo Lopez,5,23,0.2,540,0.07037037,0.148148148,0.474999998,0.286902286,0.353159851,0.347193347,0.700353198,0.060291061,4.570870026,0.336633663,-0.801530237,64.37971115,6.669004263,0.328957293,108.9232496,-0.1
20540,n/a,Jose Devers,5,19,-3.8,197,0.071065989,0.131979695,0.538461534,0.322033898,0.390862944,0.389830508,0.780693452,0.06779661,6.673778121,0.377483443,1.015425207,29.27155772,7.384297119,0.368643793,140.4809676,-0.1
20536,2B,Vidal Brujan,6,21,-3.1,429,0.086247086,0.142191142,0.606557376,0.276762402,0.345794392,0.389033942,0.734828334,0.11227154,8.261705359,0.317757009,4.38524119,54.57905336,7.901202976,0.339495942,117.342416,-1.8
20493,DH,Seth Beer,6,22,-2.1,533,0.086303939,0.212007504,0.407079643,0.288888888,0.388367729,0.515555555,0.903923284,0.226666667,1.928002945,0.328075709,-1.681191534,95.29646412,34.03236137,0.404099226,155.9328699,-0.8
20352,3B,Ernie Clement,7,23,-3.6,450,0.062222222,0.075555555,0.823529415,0.269135802,0.322869955,0.330864197,0.653734152,0.061728395,5.531037262,0.287234042,-0.403025047,46.02104404,-3.031944433,0.300290042,96.96317178,0.2
20339,n/a,Matt Peacock,6,25,0.9,22,0,0.409090909,0,0.181818181,0.181818181,0.181818181,0.363636362,0,1.785714286,0.307692307,-0.394802379,-0.010152503,-2.439689099,0.167558323,-2.070166732,0
20325,OF,Alex Kirilloff,6,21,-3.1,411,0.07055961,0.184914841,0.381578945,0.282666666,0.343065693,0.413333333,0.756399026,0.130666667,4.054896411,0.333333333,-1.141336448,54.8522492,9.464088251,0.34729025,116.5749202,0.3
20321,OF,Stuart Fairchild,6,23,-1.1,460,0.095652173,0.180434782,0.530120479,0.264339152,0.352173913,0.441396508,0.793570421,0.177057356,4.173293382,0.304207119,-1.690776772,67.23115998,17.43262485,0.365286163,128.6075747,1.3
20308,OF,Jake Meyers,6,23,-1.1,484,0.09090909,0.214876033,0.423076919,0.248837209,0.328512396,0.395348837,0.723861233,0.146511628,5.705422041,0.307210031,-0.292309815,60.07602933,5.39523563,0.337005955,109.7446534,2.6
20287,C,Ben Rortvedt,6,21,-3.1,320,0.109375,0.209375,0.52238806,0.238267148,0.334375,0.379061371,0.713436371,0.140794223,1.930091178,0.287804878,-0.1611733,38.44109539,3.43719067,0.330003811,106.9548085,0.3
20242,DH,Kevin Smith,6,22,-2.1,468,0.061965811,0.322649572,0.192052978,0.209302325,0.263383297,0.402325581,0.665708878,0.193023256,4.908840564,0.268939393,-0.090249364,47.21139405,-3.425835754,0.299744329,90.44554783,-0.8
20233,OF,Gilberto Celestino,5,20,-2.8,536,0.093283582,0.158582089,0.588235296,0.277083333,0.348880597,0.410416666,0.759297263,0.133333333,4.46672151,0.317829457,-0.645659225,75.25484188,13.69408557,0.355026246,121.0173117,-0.3
20202,OF,Brandon Marsh,6,21,-3.1,432,0.108796296,0.229166666,0.474747475,0.286842105,0.368055555,0.407894736,0.775950291,0.121052631,5.338694865,0.369565217,1.615479001,60.47839959,12.19619046,0.356693085,122.3716324,5.5
20056,2B,Alan Trejo,6,23,-1.1,476,0.052521008,0.220588235,0.238095237,0.242562929,0.289978678,0.391304347,0.681283025,0.148741418,2.620403116,0.285266457,-0.53918373,51.35714426,-0.14567921,0.309176917,94.1181261,-0.1
19961,DH,Colton Welker,6,21,-3.1,394,0.081218274,0.172588832,0.470588236,0.252124645,0.312977099,0.407932011,0.72090911,0.155807366,2.671456052,0.28113879,-0.000536739,46.35518533,3.72469699,0.322301632,103.0439406,-0.3
19960,OF,Taylor Trammell,6,21,-3.1,514,0.130350194,0.237354085,0.549180327,0.233944954,0.340466926,0.348623853,0.689090779,0.114678899,6.029508908,0.297734627,0.508623591,59.87289569,2.050258751,0.323426433,91.80421624,0.3
19953,OF,Josh Lowe,6,21,-3.1,519,0.113680154,0.25433526,0.446969697,0.252232142,0.341130604,0.441964285,0.783094889,0.189732143,6.831756489,0.315614617,2.260375387,73.46128148,16.14630451,0.358138743,127.7316569,3.6
19952,OF,Khalil Lee,6,21,-3.1,546,0.119047619,0.282051282,0.422077922,0.263829787,0.362637362,0.372340425,0.734977787,0.108510638,7.106300675,0.374193548,5.328216277,72.41966702,7.772115752,0.340811667,109.8537704,-0.4
19931,2B,Luke Williams,6,22,-2.1,504,0.097222222,0.224206349,0.433628318,0.238095238,0.319361277,0.394557823,0.7139191,0.156462585,7.259171447,0.291925465,2.565921534,60.0650056,5.532604277,0.3243509,102.2701754,-0.1
19928,OF,Ryan McKenna,6,22,-2.1,567,0.104056437,0.21340388,0.487603304,0.231557377,0.32078853,0.364754098,0.685542628,0.133196721,7.158797322,0.287292817,0.803714224,63.53737371,2.188422223,0.314778956,96.58527231,1
19901,OF,Gavin Sheets,6,23,-1.1,527,0.102466793,0.187855787,0.545454546,0.267241379,0.345351043,0.413793103,0.759144146,0.146551724,2.791843537,0.305084745,-0.07837333,71.20128028,13.00283546,0.349499736,122.1489338,-0.8
19896,C,Connor Wong,6,23,-1.1,465,0.068817204,0.307526881,0.223776223,0.281323877,0.336206896,0.541371158,0.877578054,0.260047281,6.243523386,0.365384615,0.765095687,77.52035097,21.17441034,0.383532928,136.4657812,0.4
19890,3B,Emmanuel Rivera,6,23,-1.1,534,0.046816479,0.144194756,0.324675323,0.258064516,0.296992481,0.344758064,0.641750545,0.086693548,4.297323688,0.289473684,0.122526328,49.78252086,-13.44420511,0.290687263,76.73343067,1.5
19873,1B,Drew Ellis,6,23,-1.1,451,0.139689578,0.241685144,0.577981649,0.234828496,0.344444444,0.406332453,0.750776897,0.171503957,1.899301509,0.287356321,-1.394606591,60.21033218,10.40483196,0.347348766,117.2027234,-0.7
19872,n/a,Greg Deichmann,6,24,-0.1,340,0.1,0.302941176,0.330097088,0.219269102,0.3,0.375415282,0.675415282,0.15614618,6.746695349,0.289473684,1.584316372,36.07645251,-4.180264401,0.307070443,86.60868101,-0.3
19864,C,Riley Adams,6,23,-1.1,415,0.110843373,0.296385542,0.373983738,0.261363636,0.36626506,0.443181818,0.809446878,0.181818182,4.712196933,0.357798165,0.335837206,63.25602312,18.46353635,0.370494301,137.4464546,-0.6
19818,OF,Joshua Palacios,6,23,-1.1,341,0.131964809,0.205278592,0.642857142,0.265734265,0.370588235,0.416083916,0.786672151,0.150349651,5.729414389,0.323943661,1.083340164,49.27526736,12.3793371,0.358408869,130.3419415,-0.2
19643,OF,Daniel Johnson,7,23,-3.6,547,0.091407678,0.21572212,0.423728814,0.289855072,0.36080586,0.507246376,0.868052236,0.217391304,5.773401619,0.34375,-1.921298244,89.32467449,19.51886997,0.375038978,128.5377022,0
19615,OF,Luis Barrera,6,23,-1.1,240,0.05,0.2,0.25,0.321428571,0.357142857,0.513392857,0.870535714,0.191964286,6.853918739,0.393063583,-1.203636696,39.56708187,11.15057582,0.381797968,135.9858467,0.3
19608,2B,Otto Lopez,4,20,-1.2,492,0.069105691,0.12804878,0.539682541,0.324384787,0.370901639,0.425055928,0.795957567,0.100671141,5.623942269,0.364583333,-2.282157322,74.80189026,18.03703237,0.370475294,126.010149,0.1
19600,OF,Bryan De La Cruz,6,22,-2.1,483,0.082815734,0.192546583,0.430107524,0.280092592,0.339544513,0.42824074,0.767785253,0.148148148,6.509589265,0.333333333,-0.13242932,65.1265915,9.189743672,0.347193636,118.3223995,1
19599,OF,Chas McCormick,7,24,-2.6,448,0.149553571,0.138392857,1.080645159,0.269021739,0.386160714,0.432065217,0.818225931,0.163043478,6.68713457,0.285234899,1.332293608,68.71909236,8.577956788,0.36302732,120.6281893,7.8
19562,3B,Zack Short,7,24,-2.6,259,0.146718146,0.277992277,0.527777777,0.234741784,0.362934362,0.403755868,0.76669023,0.169014084,4.484680312,0.321167883,-0.54399719,36.22069426,0.57801177,0.346565145,100.5414024,-1
19522,OF,TJ Friedl,6,23,-1.1,269,0.107806691,0.185873605,0.580000001,0.234513274,0.347014925,0.384955752,0.731970677,0.150442478,7.985311696,0.277456647,0.90775874,34.8072966,5.100690037,0.341834346,105.517487,4.9
19432,2B,Yonny Hernandez,6,21,-3.1,515,0.15145631,0.139805825,1.08333333,0.289156626,0.413385826,0.330120481,0.743506307,0.040963855,5.835014859,0.346820809,-0.441699169,73.66179406,14.79767819,0.359923106,125.2056095,-0.3
19354,OF,Luke Raley,7,24,-2.6,158,0.044303797,0.278481012,0.159090908,0.310344827,0.360759493,0.517241379,0.878000872,0.206896552,5.61536694,0.393617021,0.830537756,26.32394575,5.083638213,0.377206177,123.8198534,2.1
19348,OF,DJ Peters,7,23,-3.6,543,0.112338858,0.309392265,0.363095238,0.249452954,0.357933579,0.452954048,0.810887627,0.203501094,3.416665037,0.335793357,-0.196557356,82.40673822,10.07113688,0.357707833,111.8540262,0.2
19331,3B,Jose Rojas,7,26,-0.6,578,0.10034602,0.226643598,0.442748089,0.293203883,0.361591695,0.576699029,0.938290724,0.283495146,5.298739427,0.33519553,-1.173798677,103.7250661,17.05726616,0.383192983,113.7547245,-0.8
19267,n/a,Will Craig,7,24,-2.6,556,0.07913669,0.262589928,0.301369861,0.248987854,0.325539568,0.435222672,0.76076224,0.186234818,2.178197115,0.303951367,-0.833132637,70.0108262,-5.687895809,0.329229768,96.48149554,-0.5
19170,DH,Corey Ray,7,24,-2.6,292,0.092465753,0.363013698,0.25471698,0.217557251,0.29109589,0.362595419,0.653691309,0.145038168,3.798084841,0.326666666,-0.094192002,24.65081142,-17.14320731,0.287725039,63.39700407,0
18881,DH,Curtis Terry,5,22,-0.8,530,0.06981132,0.220754716,0.316239314,0.29299363,0.36226415,0.537154989,0.899419139,0.244161359,2.893918869,0.338323353,-0.675793522,94.99562176,34.87216332,0.406303967,157.4532065,-0.7
18848,DH,Yohel Pozo,5,22,-0.8,419,0.035799522,0.090692124,0.394736835,0.24556962,0.274463007,0.356962025,0.631425032,0.111392405,3.667819379,0.24858757,0.579458021,37.59522392,-9.150099548,0.291361403,81.50034194,-0.1
18819,2B,Andy Ibanez,7,26,-0.6,529,0.100189035,0.172022684,0.582417578,0.299785867,0.374524714,0.496788008,0.871312722,0.197002141,3.95216173,0.33519553,-2.127616304,88.48593484,9.165405152,0.370486251,109.1458457,2.5
18482,n/a,Chris Gittens,6,25,0.9,478,0.148535564,0.290794979,0.510791364,0.281407035,0.393305439,0.5,0.893305439,0.218592965,1.63504464,0.370833333,-0.038347979,84.5663488,32.84712691,0.402000331,167.9781799,-0.2
18433,C,P.J. Higgins,7,26,-0.6,439,0.095671981,0.182232346,0.524999996,0.28051948,0.349315068,0.415584415,0.764899483,0.135064935,3.641651256,0.323432343,-0.956113961,59.26102947,5.249217784,0.34196422,105.1741471,0
18142,n/a,Patrick Mazeika,6,25,0.9,462,0.08008658,0.192640692,0.415730338,0.244552058,0.311688311,0.426150121,0.737838432,0.181598063,2.571295016,0.270700636,0.17357099,57.90405497,7.916020426,0.332630645,117.9812873,-0.3
18136,DH,Ka'ai Tom,7,25,-1.6,554,0.115523465,0.227436823,0.507936505,0.290187891,0.379746835,0.532359081,0.912105916,0.24217119,5.262561837,0.348348348,-1.135740915,98.10607141,32.26635003,0.396094398,151.8117311,-1
18027,2B,Hoy Park,6,23,-1.1,487,0.117043121,0.186858316,0.626373626,0.271634615,0.363256784,0.370192307,0.733449091,0.098557692,6.299381998,0.339506172,0.179894805,63.2908232,10.59780843,0.338853269,125.0333275,-0.4
17893,3B,Tyler Nevin,6,22,-2.1,540,0.12037037,0.166666666,0.722222223,0.251072961,0.345083487,0.39914163,0.744225117,0.148068669,3.755825618,0.283378746,0.405922443,70.997678,12.57010516,0.34089274,115.6873216,-1.1
17478,n/a,Troy Stokes Jr.,7,23,-3.6,381,0.12335958,0.228346456,0.540229886,0.232919254,0.341207349,0.385093167,0.726300516,0.152173913,4.894661695,0.286956521,1.320986818,45.94142316,-11.18735153,0.321797843,81.40410308,0
17452,OF,Jose Siri,7,23,-3.6,517,0.081237911,0.319148936,0.254545455,0.237179487,0.299610894,0.356837606,0.6564485,0.119658119,5.819098512,0.33898305,1.765862915,50.22406161,-9.750161875,0.301479287,77.66024527,5
16686,1B,Jason Vosler,7,25,-1.6,426,0.105633802,0.239436619,0.441176469,0.290666666,0.367058823,0.522666666,0.889725489,0.232,4.185999923,0.34765625,-0.42176211,72.27603679,8.399769032,0.372980538,103.2912803,-0.2
16446,n/a,Johneshwy Fargas,6,24,-0.1,466,0.07081545,0.201716738,0.351063827,0.249394673,0.325379609,0.334140435,0.659520044,0.084745762,7.596308514,0.311111111,1.266486535,49.49100837,-0.92982301,0.306905172,101.864066,-0.1
16337,OF,Nick Gordon,7,23,-3.6,319,0.056426332,0.203761755,0.276923076,0.297945205,0.341692789,0.458904109,0.800596898,0.160958904,7.323508352,0.364035087,1.007510451,44.25138933,0.819928324,0.343587095,100.8874714,1.4
15808,n/a,Jose Godoy,7,24,-2.6,275,0.09090909,0.167272727,0.543478256,0.276150627,0.354014598,0.430962343,0.784976941,0.154811716,1.668218369,0.310526315,-0.488217781,39.1087839,3.804034215,0.349308184,107.9295711,-0.3
14636,C,Webster Rivas,7,28,1.4,268,0.111940298,0.171641791,0.65217391,0.281385281,0.370786516,0.419913419,0.790699935,0.138528138,3.75752948,0.32596685,0.172227623,38.95846934,2.526919134,0.347340252,94.04499604,0.3
13663,n/a,Jack Lopez,7,26,-0.6,390,0.048717948,0.233333333,0.208791206,0.272980501,0.317010309,0.417827298,0.734837607,0.144846797,5.127667667,0.33076923,0.985865278,45.31264875,-7.785375674,0.31831347,84.8938242,0
12198,n/a,Jake Hager,7,26,-0.6,366,0.081967213,0.292349726,0.280373832,0.241590214,0.303867403,0.412844036,0.716711439,0.171253822,5.060754624,0.316037735,0.547959928,37.91383749,-16.96577284,0.304078771,70.36796993,0
11481,n/a,Henry Ramos,7,27,0.4,366,0.06557377,0.202185792,0.324324322,0.268656716,0.318681318,0.43880597,0.757487288,0.170149254,3.195937924,0.309523809,-0.370869818,44.074222,-10.80538833,0.321631208,83.51574782,-0.2
27461,OF,Shogo Akiyama,7,26,-0.6,393,0.078880407,0.175572519,0.449275362,0.296918767,0.352185089,0.464985994,0.817171083,0.168067227,5.082700888,0.344086021,-0.304921316,57.70639055,6.404487406,0.357853268,108.6958031,0.11
27459,1B,Yoshi Tsutsugo,0,0,0,0,0,0,0,0,0,0,0,0,0,0,0,0,0,0,0,-1.23
24618,C,Ryan Jeffers,6,22,-2.1,414,0.08937198,0.200483091,0.445783131,0.263586956,0.34057971,0.421195652,0.761775362,0.157608696,1.288690471,0.304029304,-0.230122755,56.93182669,12.33433299,0.353616947,125.5881722,3.08
23378,SS,Jose Barrero,5,21,-1,736,0.080163043,0.175271738,0.457364339,0.304666944,0.381793477,0.461277313,0.84307079,0.156610369,4.294215139,0.358133071,1.504971207,123.9195479,39.49399627,0.389191026,142.0325399,-2.45
22581,C,Alejandro Kirk,5,20,-2,889,0.084364454,0.169853768,0.49668874,0.26385654,0.337311192,0.394661352,0.731972543,0.130804811,4.82520783,0.309017192,-0.776726218,112.289773,12.14876335,0.339219225,110.477427,5.27
22217,C,Luis Campusano,5,19.5,-1.5,731,0.116279069,0.106703146,1.089743587,0.334566231,0.411764705,0.525758831,0.937523536,0.1911926,2.282698819,0.344539203,0.240627223,143.7675286,49.4877786,0.417139015,156.8836467,-0.23
22209,C,Sam Huff,5,20,-2,803,0.06475716,0.245330012,0.26395939,0.281631936,0.338729763,0.458513166,0.797242929,0.17688123,2.98709118,0.346296971,-1.490179805,117.2800337,26.21829287,0.364541333,127.7833287,1.38
21794,n/a,Sherten Apostel,5,20,-2,926,0.079913606,0.280777538,0.284615382,0.246245764,0.316414686,0.439399322,0.755814008,0.193153558,4.508989562,0.310594911,1.460708246,125.1285684,17.94028861,0.341351178,115.4325329,0
21646,C,Rafael Marchan,5,19.5,-2.15,575,0.12347826,0.154782608,0.797752808,0.267871402,0.366956521,0.377582638,0.74453916,0.109711236,2.334398542,0.312707762,-1.971134761,81.41734596,10.93763632,0.348098276,119.2360894,0.71
21618,3B,Alec Bohm,6,20.5,-1.8,750,0.090666666,0.121333333,0.747252745,0.304075187,0.367999999,0.474312781,0.84231278,0.170237594,4.660860109,0.322988177,-1.285259154,121.0455532,38.35788856,0.382131185,146.3745132,4.91
21524,C,Joey Bart,6,21.5,-0.8,496,0.066532258,0.189516129,0.351063829,0.269623093,0.33064516,0.440587239,0.771232399,0.170964146,5.479653918,0.308433506,-0.20728432,69.43422535,10.880069,0.35046081,122.613664,0.94
20521,3B,Nick Madrigal,7,21.5,-2.05,760,0.074999999,0.082894736,0.904761904,0.305782863,0.373361469,0.466534013,0.839895482,0.16075115,6.507085193,0.316278578,1.669267929,122.0435123,31.75932499,0.378578993,129.9221261,2.95
20503,C,William Contreras,6,21,-2.45,589,0.061120543,0.151103565,0.40449438,0.268877462,0.325976231,0.352584961,0.678561192,0.083707499,2.742178688,0.309749638,-1.078194445,65.14051289,-0.452596918,0.31593713,99.78331821,1.9
20454,3B,Jazz Chisholm Jr.,6,20.5,-2.95,890,0.097752808,0.265168539,0.368644066,0.251494152,0.333707865,0.438269203,0.771977068,0.186775051,4.917067437,0.313332988,1.263893753,124.4539567,23.38602817,0.350517918,120.1424458,3.76
20391,2B,Luis Garcia Jr.,6,19.5,-3.95,1054,0.053130929,0.222960151,0.238297871,0.264171577,0.303568822,0.420808449,0.72437727,0.156636872,6.395447946,0.321459254,1.91671905,125.6257145,6.349085045,0.323731209,102.8267902,-1.58
20332,OF,Luis Gonzalez,6,20.5,-2.95,1079,0.072289156,0.158480074,0.45614035,0.272889853,0.326245215,0.38289833,0.709143544,0.110008476,5.898899433,0.310773794,-0.299892252,127.7439063,5.060729513,0.323848365,104.8813941,0.43
20275,3B,Jonathan Arauz,6,21,-2.45,1016,0.086614173,0.187992125,0.460732985,0.280218557,0.345212278,0.446858994,0.792071272,0.166640437,4.814819969,0.326430052,-1.42510591,147.0458459,30.07362761,0.359730616,123.6751416,-0.84
20220,OF,Jo Adell,7,19.5,-5.2,831,0.091456077,0.202166065,0.452380951,0.253327354,0.327279758,0.415022422,0.74230218,0.161695068,5.462806529,0.31040647,-0.360147063,104.7678114,4.891098193,0.338290938,106.1404078,-3.78
20126,OF,Dylan Carlson,7,19.5,-5.85,1003,0.089730807,0.226321036,0.396475769,0.291541206,0.364261759,0.54236505,0.906626809,0.250823844,7.369208628,0.341047247,2.013825503,177.3199574,54.60791028,0.394354716,142.540331,4.03
20078,1B,Evan White,6,21,-2.45,898,0.101336302,0.200445434,0.505555553,0.266926492,0.348939965,0.433545447,0.782485412,0.166618955,4.667190389,0.31101719,0.507742739,127.3873194,22.95157815,0.355088094,128.9561275,-0.97
20043,OF,Luis Robert Jr.,7,21.5,-5.1,1107,0.072267388,0.214092141,0.337552739,0.313749255,0.373420382,0.538462127,0.911882509,0.224712872,6.674068312,0.372332187,2.161804653,198.2852594,61.49377524,0.399447853,145.9989852,9.01
20036,3B,Isaac Paredes,6,20,-3.45,760,0.090789473,0.14868421,0.610619466,0.278702052,0.358333333,0.400963503,0.759296836,0.12226145,4.725912489,0.316742429,1.225144919,104.0555917,19.8615019,0.348673808,119.6420667,1.59
19997,2B,Santiago Espinal,7,21.5,-3.85,1023,0.09090909,0.145650049,0.624161072,0.282283142,0.352975344,0.42381267,0.776788014,0.141529529,3.726938065,0.31351168,-2.361846354,143.2068087,25.50998026,0.351945006,122.022712,5.11
19968,OF,Jared Oliva,6,23,-1.1,1025,0.07804878,0.166829268,0.467836255,0.287311924,0.353915564,0.421575453,0.775491017,0.134263529,6.858356766,0.336710676,3.595377903,143.3995739,28.04131599,0.353769767,123.4506541,-0.67
19966,1B,Bobby Dalbec,7,23,-1.7,1016,0.111220472,0.226377952,0.491304347,0.255424465,0.355027524,0.443881081,0.798908605,0.188456617,5.503282864,0.302406303,2.064927889,147.9872567,31.74522352,0.360714441,126.3110259,2.19
19956,OF,Mickey Moniak,6,22,-2.1,1047,0.094555874,0.274116523,0.344947734,0.254480873,0.332956616,0.50070196,0.833658576,0.246221086,5.647077518,0.320100422,2.115537126,159.2857563,41.35692545,0.370150223,129.7498189,-1.07
19950,2B,Andres Gimenez,6,20,-3.45,944,0.048728813,0.21398305,0.22772277,0.25995408,0.306309203,0.384996694,0.691305897,0.125042615,5.678030394,0.319728599,-1.347213467,105.0289606,-0.054562689,0.31540018,101.5746833,10.04
19948,OF,Cristian Pache,7,19.5,-5.85,1042,0.071017274,0.20537428,0.345794391,0.278992908,0.343045391,0.43636561,0.779411001,0.157372701,6.304403784,0.342876611,-0.946489836,145.3019982,24.77397683,0.353819998,121.1064601,-1.6
19918,OF,Daulton Varsho,6,20.5,-3.6,948,0.065400843,0.168776371,0.387499996,0.289289965,0.341041214,0.462621009,0.803662223,0.173331044,6.064786396,0.325361868,0.066085013,137.8987046,31.01824736,0.362890336,127.926639,6.37
19913,OF,Jesus Sanchez,7,21,-3.7,819,0.084249084,0.21001221,0.401162788,0.274964093,0.343498694,0.430912689,0.774411384,0.155948596,5.102943437,0.325384251,1.811993247,112.3381698,11.44019117,0.346885039,112.3705988,0.42
19909,3B,Anderson Tejeda,6,20.5,-2.95,669,0.064275037,0.224215246,0.286666664,0.269262516,0.321375186,0.420494497,0.741869683,0.151231982,5.067828614,0.331967328,-0.023260706,85.14998223,8.907155822,0.339045635,112.475949,0.07
19892,OF,Pavin Smith,6,21.5,-1.95,1029,0.104956267,0.197278911,0.532019702,0.274773026,0.350213377,0.452244293,0.80245767,0.177471267,5.217100921,0.320274068,0.429214076,150.0443999,33.46525125,0.364894552,127.5670409,0.6
19698,OF,Edward Olivares,6,22.5,-0.95,1055,0.09478673,0.154502369,0.613496933,0.269572243,0.346014805,0.42369451,0.769709315,0.154122266,4.863932528,0.296836113,2.327914182,144.7633992,16.04283255,0.345669509,105.6575545,-0.71
19627,DH,Brent Rooker,7,23,-1.7,856,0.075934579,0.230140186,0.329949238,0.278548132,0.346168875,0.462381586,0.808550462,0.183833454,6.082930644,0.349858519,1.198176292,125.434163,14.84751013,0.353233947,116.8966658,-0.7
19610,C,Keibert Ruiz,7,21.5,-3.85,918,0.093681917,0.187363834,0.499999999,0.257017461,0.332244008,0.420191049,0.752435057,0.163173588,3.583300113,0.296390505,0.212804049,119.5437364,10.96528091,0.338365736,105.3833453,2
19577,n/a,Nick Heath,7,22,-3.35,887,0.092446448,0.198421645,0.465909089,0.260985452,0.336779897,0.393466147,0.730246043,0.132480694,5.465119378,0.321537247,5.503309504,110.7713111,1.272673015,0.330575555,99.34322308,-0.3
19533,DH,Taylor Jones,7,24.5,-0.85,893,0.129899216,0.235162374,0.552380951,0.284106519,0.383131861,0.443044916,0.826176777,0.158938397,4.658057834,0.36140404,3.792060207,140.5236146,18.16734499,0.365330843,117.2409358,-0.64
19521,2B,Andrew Young,7,24.5,-2.1,1070,0.096261682,0.228971963,0.42040816,0.275719462,0.370781363,0.507615141,0.878396504,0.231895678,4.25013479,0.324122594,-0.640735568,179.9689611,43.40637027,0.382657276,130.3210127,-0.2
19392,3B,Zach McKinstry,7,24,-1.35,982,0.082484724,0.180244399,0.457627116,0.294545806,0.372835632,0.497269355,0.870104988,0.20272355,4.483938952,0.328578935,-2.557139906,167.3034789,48.87670455,0.387346504,140.3728433,0.8
19346,OF,Eli White,7,24,-1.35,772,0.103626942,0.255181347,0.406091368,0.263507858,0.360540607,0.432074082,0.792614689,0.168566223,6.012262984,0.342145858,0.253377958,110.1381125,2.063415754,0.350891529,103.9321369,-0.58
19334,OF,Yadiel Hernandez,7,27.5,2.15,1086,0.115101289,0.204419889,0.563063062,0.313931876,0.395948434,0.522081809,0.918030244,0.208149934,5.007290358,0.368667225,-1.477177208,198.6398607,52.0590547,0.393956506,131.7748071,-0.14
19151,OF,Estevan Florial,7,25.5,0.8,793,0.100882724,0.257250945,0.392156862,0.26771902,0.341318161,0.429162584,0.770480745,0.161443565,4.290638944,0.339414611,-0.356116817,107.0921235,18.68020714,0.34720577,118.7274201,0.2
18900,OF,Leody Taveras,6,20,-3.45,957,0.106583071,0.223615464,0.476635512,0.280826863,0.356713462,0.393627614,0.750341077,0.112800751,6.821864188,0.362347969,0.317008473,127.5262465,17.28247774,0.346096539,114.5117846,2.08
18872,OF,Jahmai Jones,6,20,-3.45,1124,0.089857651,0.182384341,0.492682924,0.240240632,0.310048297,0.327987153,0.638035451,0.087746521,5.396978438,0.290147404,-3.269034994,108.4886084,-18.90873174,0.299325823,83.45135033,-0.9
18795,3B,Ramon Urias,7,22.5,-2.85,963,0.116303219,0.202492211,0.574358973,0.248254458,0.347558878,0.396002823,0.743561701,0.147748365,6.092103864,0.299937723,3.259440277,125.9021908,-1.812140664,0.334344954,100.0403613,3.43
18577,3B,Ke'Bryan Hayes,7,23,-3.6,835,0.08263473,0.179640718,0.459999999,0.27729605,0.342995998,0.45391986,0.796915858,0.176623811,4.339034907,0.317122124,1.57001465,117.3048713,7.531371381,0.349182067,110.1578751,10.13
18395,DH,Travis Blankenhorn,6,21.5,-2.6,979,0.085801838,0.193054136,0.444444443,0.285384875,0.348825332,0.454507285,0.803332616,0.16912241,5.710249458,0.3341998,2.247671272,143.7594789,31.48423473,0.362446173,125.8570346,0.07
18373,1B,Ryan Mountcastle,7,21.5,-3.2,1046,0.05544933,0.245697896,0.225680933,0.273470363,0.322653825,0.460917046,0.783570871,0.187446683,4.253057455,0.335918327,-0.359577534,143.0096139,11.25641701,0.343391976,110.3577358,4.66
18365,1B,Lewin Diaz,6,21.5,-2.6,929,0.063509149,0.182992465,0.347058822,0.282595921,0.330462863,0.499630477,0.83009334,0.217034555,3.608376196,0.30613447,-0.225110323,139.5135023,34.06559419,0.36819103,129.4859266,-1.41
18353,OF,Daz Cameron,7,21.5,-3.2,838,0.085918854,0.248210023,0.346153845,0.218060493,0.301909307,0.364767505,0.666676812,0.146707012,5.560727053,0.27794434,-0.036849665,84.60125848,-22.78936581,0.300287546,79.11984573,-0.64
18036,2B,Jake Cronenworth,7,23,-3.6,953,0.10703043,0.210912907,0.507462686,0.292576667,0.378114732,0.452223467,0.830338199,0.1596468,6.929960436,0.363731421,0.461802257,152.3285499,33.39531627,0.371076026,126.2511456,12.43
18032,2B,Mark Mathias,7,24,-2.6,974,0.097535934,0.169404517,0.575757573,0.260966223,0.337484685,0.392669486,0.730154172,0.131703263,6.516860635,0.302481223,4.589753541,120.171809,-2.345866669,0.326828479,95.7270154,0.6
17988,C,Tyler Stephenson,6,22.5,-1.6,839,0.11442193,0.183551847,0.623376621,0.254893184,0.352818592,0.387574453,0.740393045,0.132681269,4.400085024,0.300353101,1.100720522,108.8448005,12.0887619,0.340612511,109.9263678,4.11
17839,n/a,Luis Alexander Basabe,6,21.5,-1.95,765,0.101960784,0.248366013,0.410526315,0.25,0.335065044,0.370681396,0.70574644,0.120681396,4.065364876,0.326203208,0.024358253,91.74214738,5.298147251,0.328519389,104.4342208,0
17750,DH,Max Schrock,7,22.5,-2.85,818,0.123471882,0.231051344,0.534391533,0.26446604,0.35877789,0.421471688,0.780249578,0.157005647,6.299380698,0.338626612,-0.424711441,116.6972689,11.51229751,0.354284945,112.3323872,-0.37
17684,3B,Vimael Machin,7,24,-2.6,986,0.094320486,0.09939148,0.948979589,0.274027164,0.346537732,0.374230552,0.720768284,0.100203388,3.726685185,0.294578646,0.169821661,115.387677,-3.912881426,0.325652322,98.5587859,-1.24
17423,DH,Yermin Mercedes,7,25,-0.35,824,0.131067961,0.174757281,0.750000001,0.263960791,0.363695458,0.445157076,0.808852534,0.181196285,2.912219965,0.288557267,0.349136506,122.3987346,23.30775405,0.36025191,119.2189507,-0.1
17273,2B,Jorge Mateo,7,24.5,-0.2,976,0.070696721,0.217213114,0.325471697,0.289228022,0.343608461,0.492844988,0.836453448,0.203616966,6.326566603,0.345289701,0.064168026,146.4385398,13.98071672,0.361191221,103.8013149,2.93
17216,OF,Monte Harrison,7,23,-3.6,761,0.070959264,0.279894875,0.253521126,0.24313972,0.302968535,0.382298898,0.685267432,0.139159177,7.83409193,0.332103673,3.972233729,76.58794535,-27.3215521,0.300657015,79.60023532,-0.07
16959,2B,Eddy Alvarez,7,25.5,0.15,869,0.086306099,0.309551208,0.278810409,0.267556753,0.346102938,0.451716769,0.797819707,0.184160016,6.678426087,0.369888989,2.376997287,128.0563315,18.18839222,0.353387694,117.7892145,-1.24
16953,C,Chadwick Tromp,7,26,-0.6,515,0.126213592,0.221359223,0.570175438,0.261090909,0.362692265,0.474042012,0.836734277,0.212951103,4.881629594,0.314831336,-0.763014787,80.89950078,19.15760145,0.370716354,123.040556,0.47
16947,OF,Derek Hill,7,23,-2.35,819,0.079365079,0.23076923,0.343915344,0.248325208,0.319768399,0.374352474,0.694120873,0.126027267,5.648578969,0.313009426,-1.697980398,93.03356616,2.791373743,0.317793442,99.67539362,0.53
16930,C,Jonah Heim,7,23,-1.7,710,0.095774647,0.216901408,0.44155844,0.271784314,0.343006184,0.391275277,0.734281461,0.119490963,4.743083866,0.338270609,1.635066433,91.33683555,5.001122861,0.333406777,104.2610368,3.13
16852,1B,John Nogowski,7,24.5,-0.85,965,0.111917098,0.140932642,0.794117647,0.275809128,0.363684882,0.422017518,0.7857024,0.146208391,3.078349732,0.301249482,-0.568320242,139.8837489,7.867900256,0.347747883,104.2002554,-0.7
16417,SS,Sergio Alcantara,6,23.5,-0.6,759,0.121212121,0.126482213,0.958333335,0.279548577,0.369817508,0.374756741,0.74457425,0.095208165,2.407761243,0.306168833,-1.639591214,102.4263089,15.00915361,0.343881962,111.8205515,0.63
16042,OF,Mark Payton,7,24,-1.35,941,0.092454834,0.181721572,0.508771926,0.301269779,0.36572042,0.484865753,0.850586174,0.183595975,4.610290057,0.344884387,-1.125973653,152.1690722,26.33235606,0.365785187,108.6133458,-0.67
15767,1B,Jose Marmolejos,7,26,-0.6,662,0.099697885,0.203927492,0.488888887,0.294638945,0.367224417,0.49165467,0.858879086,0.197015724,3.607907789,0.345937185,-1.770599045,106.5053511,17.87999806,0.369041981,119.7959726,-1.31
15535,n/a,Joseph Odom,7,26,-0.6,918,0.076252723,0.223311547,0.341463414,0.252947421,0.311875367,0.356767079,0.668642445,0.103819658,1.563192712,0.317806758,-0.489984524,93.53812122,-14.22198247,0.302599519,89.24881316,-1.08
14555,1B,Wyatt Mathisen,7,25.5,-1.1,687,0.097525473,0.247452692,0.394117647,0.263076428,0.356622998,0.479889336,0.836512334,0.216812908,3.1035467,0.31910345,0.391620896,107.550462,13.4373876,0.360253686,110.7625776,-0.13
14412,n/a,Joe Hudson,7,26,-0.6,545,0.099082568,0.247706421,0.399999999,0.245778766,0.334105504,0.428432304,0.762537808,0.182653537,3.152815128,0.293114936,-0.649363466,68.56042494,-1.370895744,0.334816816,105.6061062,0
21479,2B,Nico Hoerner,6,23.5,0.85,310,0.122580645,0.174193548,0.703703704,0.200705047,0.30346184,0.314999256,0.618461097,0.114294209,2.227161639,0.237908874,0.732675652,27.7042155,-6.277223575,0.291579253,78.09155368,3.35
20003,2B,Keston Hiura,6,21,-3.1,535,0.067289719,0.192523364,0.349514561,0.292783505,0.357009345,0.463917525,0.82092687,0.17113402,5.798969987,0.348648648,-1.672000407,82.48362218,20.41376771,0.373000024,132.1215535,2.75
19977,C,Tres Barrera,5,21.5,-0.5,475,0.07368421,0.189473684,0.388888886,0.305345367,0.369125252,0.474552589,0.843677841,0.169207223,4.579880682,0.364963199,0.102086138,78.48934852,21.54151761,0.383755949,137.4746371,0.8
19958,3B,Carter Kieboom,6,21,-1.65,826,0.098062954,0.202179176,0.48502994,0.279452345,0.355932203,0.450680901,0.806613104,0.171228556,4.132103837,0.330326526,1.129530257,124.3517582,28.05831945,0.367432029,130.1900962,-2.24
19955,2B,Gavin Lux,6,19.5,-3.15,779,0.114249037,0.166880616,0.684615382,0.315080039,0.397946084,0.507201278,0.905147362,0.192121239,5.118582387,0.359967091,-1.648744459,142.2905395,47.60557479,0.402491861,149.2392743,1.3
19878,OF,Adam Haseley,6,20.5,-2.15,1014,0.089743589,0.15877712,0.565217391,0.274838209,0.346504245,0.398038183,0.744542427,0.123199974,6.523881084,0.314335686,0.982469897,133.9918957,15.5296075,0.342461791,114.3482621,-0.14
19858,2B,Luis Rengifo,7,21,-2.9,836,0.116028708,0.142344497,0.815126051,0.294366231,0.386497722,0.43820217,0.824699893,0.14383594,7.46859199,0.338956347,0.079684048,132.9145532,31.99374681,0.375186521,132.3356826,-1.92
19844,3B,Abraham Toro,6,20.5,-2.15,1105,0.09321267,0.185520361,0.502439025,0.248422017,0.330220959,0.415837489,0.746058448,0.167415471,5.928363749,0.286247647,-0.229546284,143.459719,13.11397555,0.340788132,112.8878481,-0.28
19734,3B,Josh Rojas,6,22,-0.65,842,0.128266033,0.166270783,0.77142857,0.256838876,0.35552417,0.438054236,0.793578405,0.18121536,6.377874124,0.285708633,0.994621579,122.2273242,22.54938334,0.361745984,124.8243153,0.89
19709,OF,Fernando Tatis Jr.,7,21,-4.35,629,0.082670906,0.246422893,0.33548387,0.276685574,0.3418124,0.496314264,0.838126664,0.21962869,6.51406557,0.335535347,0.964400332,97.00359021,21.11589828,0.368857273,131.0959167,18.71
19703,1B,Jake Noll,6,21,-3.1,1124,0.097864768,0.205516014,0.476190474,0.284156178,0.360623879,0.456136432,0.816760311,0.171980254,6.114751553,0.338115357,0.821458478,169.8922399,37.82877752,0.368237972,128.1740183,-0.1
19683,3B,Mike Brosseau,6,23.5,0.05,920,0.058695652,0.163043478,0.359999999,0.260884523,0.314390133,0.438524327,0.752914461,0.177639805,5.487739959,0.280400027,0.522071634,118.9803104,12.93643363,0.337263719,112.0394217,4.01
19635,2B,Sheldon Neuse,7,23,-1.7,961,0.065556711,0.24453694,0.268085105,0.288216391,0.345995061,0.399120822,0.745115883,0.110904431,4.283085213,0.378941169,-1.604169035,121.9522999,2.826005446,0.337927036,109.6617937,-0.4
19612,SS,Bo Bichette,6,21,-3.1,1085,0.08110599,0.196313364,0.413145538,0.301770335,0.360685193,0.475077646,0.835762839,0.173307311,6.567111411,0.361031728,2.355074974,171.0183745,42.75685666,0.372903767,130.5441731,8.73
19611,1B,Vladimir Guerrero Jr.,7,19,-5.7,907,0.08710033,0.131201763,0.663865545,0.3703093,0.429368629,0.596725369,1.026093998,0.22641607,4.850145647,0.399334806,0.920495798,195.9495366,91.44285935,0.452109419,181.8319889,7.41
19566,1B,Nathaniel Lowe,7,20,-4.7,1082,0.133086876,0.140480591,0.94736842,0.326358423,0.42051756,0.527873616,0.948391176,0.201515193,3.340957233,0.353947802,-0.506882043,209.8178808,86.42803269,0.426081396,166.8147859,2.64
19556,OF,Yordan Alvarez,7,21,-3.7,851,0.124559341,0.231492362,0.538071064,0.282051551,0.371327849,0.453201676,0.824529525,0.171150125,2.90975172,0.348704125,-0.342422123,131.6661978,30.54959004,0.371794475,131.475352,7.57
19552,OF,Jaylin Davis,6,21.5,-1.95,885,0.09717514,0.229378531,0.423645317,0.287101598,0.360843905,0.442474542,0.803318447,0.155372944,4.570586532,0.354808135,0.895956284,130.2865552,27.92766767,0.362246599,125.3115693,-0.7
19514,C,Andrew Knizner,7,22.5,-2.2,879,0.062571103,0.221843002,0.282051281,0.278838927,0.330758315,0.422070796,0.752829111,0.14323187,4.181245817,0.338433878,0.260206459,114.0180106,11.07786634,0.34010933,108.1318789,-1.47
19508,DH,Kyle Lewis,6,22,-2.1,756,0.067460317,0.179894179,0.375000001,0.274072269,0.328042327,0.439499107,0.767541434,0.165426838,2.29735075,0.310324938,-0.573587062,99.96869635,9.090180443,0.342550028,113.5749181,6.87
19470,OF,Tommy Edman,7,22,-2.7,787,0.078780177,0.176620076,0.446043161,0.289121552,0.347417463,0.404310506,0.751727969,0.115188954,6.193981892,0.336793856,3.822253384,103.6176782,5.355751306,0.339119149,104.3105824,9.3
19452,C,Jake Rogers,6,22.5,-1.6,903,0.087486157,0.202657807,0.431693988,0.242053515,0.314394248,0.394773359,0.709167608,0.152719844,5.764354386,0.280997134,1.413281715,103.0809142,-2.280076507,0.320748531,96.21605121,0.2
19352,C,Sean Murphy,7,22.5,-2.2,797,0.100376411,0.190715181,0.526315789,0.270078355,0.354279366,0.475295985,0.829575351,0.20521763,5.600607147,0.307216127,0.078560619,121.4716111,27.26415167,0.368305804,127.9779212,8.02
19339,2B,Nicky Lopez,7,22.5,-2.85,976,0.094262295,0.121926229,0.773109242,0.284252618,0.354337061,0.414014052,0.768351113,0.129761434,4.055952295,0.30511413,0.059231055,133.6460503,12.90606144,0.34659614,107.6082277,5.74
19326,OF,Bryan Reynolds,6,22.5,-1.6,960,0.098958333,0.130208333,0.759999999,0.287939342,0.361186989,0.388680647,0.749867636,0.100741305,5.432012022,0.328706889,-1.736235513,126.080643,13.98297075,0.342655389,113.0897689,10.54
19318,C,Matt Thaiss,7,22.5,-2.2,1117,0.072515666,0.187108325,0.387559805,0.295309264,0.348905347,0.4645623,0.813467647,0.169253036,5.692347105,0.346623172,-0.908955687,165.8463131,24.21075217,0.358626846,116.4360352,-0.74
19314,n/a,Donovan Walton,6,23,-1.1,1100,0.116363636,0.163636363,0.711111112,0.273700268,0.370085169,0.388759824,0.758844993,0.115059556,4.726370434,0.323383289,-0.618077869,150.2484982,16.3194687,0.346642342,116.3235482,-0.4
19294,DH,Nick Solak,6,23,-0.45,854,0.112412178,0.18852459,0.596273292,0.278667426,0.372365339,0.428743914,0.801109253,0.150076487,5.601554908,0.326975508,0.025402236,129.5339102,26.95461365,0.364877665,127.0591068,0.79
19293,3B,Nick Senzel,7,22.5,-2.85,731,0.112175102,0.190150478,0.589928056,0.300250656,0.382193724,0.466704137,0.848897861,0.166453481,5.797094226,0.356702517,1.652060446,115.7670825,35.3661535,0.385044829,144.3015943,0.43
19290,OF,Randy Arozarena,7,22.5,-2.85,920,0.090217391,0.19673913,0.458563534,0.299719108,0.376562665,0.477777941,0.854340607,0.178058833,5.624337225,0.357700424,2.05050961,147.983667,40.90534393,0.386838289,140.5295674,6.26
19260,OF,Jake Fraley,6,22.5,-0.95,750,0.088,0.174666666,0.503816795,0.294196469,0.37025683,0.474962824,0.845219654,0.180766355,6.619506547,0.341828002,-0.304446022,119.2631199,35.56766081,0.384570989,143.8412948,0.16
19252,2B,Cavan Biggio,6,22.5,-0.95,685,0.159124087,0.255474452,0.622857142,0.244428529,0.368449489,0.470490358,0.838939847,0.226061829,5.895204845,0.298279767,-0.163203721,107.7686544,27.47780448,0.373809572,128.9826614,6.08
19251,1B,Pete Alonso,7,22.5,-2.2,1130,0.132743363,0.237168141,0.559701493,0.259298329,0.3690716,0.472899946,0.841971546,0.213601617,4.047203261,0.308852331,-1.834186833,177.5434082,46.516144,0.376642145,128.7376901,9.01
19181,C,Zack Collins,6,22.5,-1.6,924,0.138528138,0.247835498,0.558951965,0.25763084,0.372038641,0.455248675,0.827287316,0.197617835,3.353568567,0.324097881,-0.436850067,144.948208,41.01544136,0.37930266,138.2201355,-2.04
18889,3B,Danny Mendick,6,23,-1.1,1000,0.143999999,0.219,0.657534244,0.236294287,0.354161115,0.418782904,0.77294402,0.182488618,3.925743695,0.27873229,-1.356915195,140.0126477,24.78656408,0.353504873,119.4470754,0.34
18887,C,Seby Zavala,7,23.5,-1.85,893,0.090705487,0.197088466,0.460227271,0.256948854,0.329251302,0.411293155,0.740544457,0.154344301,3.760018313,0.300745968,-1.047621638,111.9386039,10.77766716,0.335685626,106.1973918,-0.2
18839,1B,Josh Naylor,6,22,-1.45,1009,0.100099107,0.171456888,0.583815027,0.290614428,0.370079953,0.469352534,0.839432487,0.178738106,2.669263863,0.3243302,-1.171026815,160.461195,40.55445747,0.376054187,135.8680627,0.1
18607,1B,Jared Walsh,7,22,-3.35,1037,0.100289296,0.229508196,0.43697479,0.278662128,0.352941176,0.478709251,0.831650427,0.200047123,3.584623971,0.333966786,0.332433565,158.4400497,30.00095365,0.365115417,125.0882087,4.36
18568,2B,Luis Arraez,6,22,-2.1,833,0.073229291,0.174069627,0.420689654,0.310664923,0.366025135,0.446395238,0.812420373,0.135730315,3.817802169,0.371717526,-0.346287259,127.2840455,28.19074578,0.366432427,127.2599968,4.75
18564,OF,Trent Grisham,6,20.5,-2.95,418,0.150717703,0.208133971,0.724137931,0.237556237,0.35662001,0.343569234,0.700189244,0.106012997,5.028673448,0.29505582,0.573825765,51.71912643,3.362698058,0.331181359,107.4325161,9.78
18360,3B,Austin Riley,7,20.5,-4.2,1024,0.131835937,0.263671875,0.499999998,0.254708341,0.360155903,0.425296818,0.785452721,0.170588477,6.010608795,0.336983808,5.57916082,145.7502071,28.32330262,0.35671448,122.4492814,5.37
18316,DH,Edwin Rios,7,22,-3.35,883,0.074745187,0.265005662,0.282051281,0.286152485,0.345413363,0.460152568,0.805565931,0.174000084,2.734808758,0.36710184,-0.913364904,125.9396124,23.64721309,0.361202265,122.445789,1.79
18206,C,Nick Dini,7,23.5,-3.1,866,0.055427251,0.207852194,0.266666664,0.286160341,0.335213003,0.479199378,0.814412381,0.193039037,2.939593295,0.328160499,0.009935057,123.460847,17.90068133,0.355892046,114.5097774,-0.2
18171,1B,Seth Brown,6,24,-0.1,899,0.076751946,0.195773081,0.392045453,0.290169256,0.350794695,0.43444407,0.785238765,0.144274814,4.501588228,0.349877288,1.861517618,125.7968232,18.5879348,0.352630338,113.2316808,1.43
18126,1B,LaMonte Wade Jr.,7,24,-0.7,1074,0.111731843,0.204841713,0.545454546,0.264188868,0.349162011,0.447684532,0.796846542,0.183495663,4.971312206,0.303848425,-1.402175642,155.4391395,25.15850884,0.354366593,118.541382,1.8
18083,C,Austin Allen,6,23.5,-0.6,1017,0.11111111,0.16519174,0.672619045,0.291479747,0.374819921,0.455774163,0.830594084,0.164294416,3.358678105,0.326576458,-0.408225513,153.9749126,37.92640898,0.37213575,131.8740839,-0.2
18067,C,Garrett Stubbs,7,24,-0.7,856,0.092289719,0.189252336,0.487654318,0.293592927,0.364209478,0.479992696,0.844202174,0.186399769,4.2928633,0.339974486,0.517766895,136.9831744,26.78114668,0.371189759,128.8815197,-0.57
18063,OF,Kyle Garlick,7,25,-1.6,817,0.077111382,0.24112607,0.319796953,0.246094192,0.311295232,0.407651765,0.718946998,0.161557573,4.732812586,0.304344609,2.324015508,93.80598425,-7.643467978,0.321630019,92.34086627,-0.48
18054,OF,Sam Haggerty,7,24.5,-0.85,697,0.13055954,0.236728837,0.55151515,0.242114569,0.350377496,0.427368146,0.777745642,0.185253577,5.482708173,0.295292967,2.28998559,97.28948892,15.18871687,0.352879685,119.2168134,-0.13
18042,2B,Dylan Moore,7,24,-0.7,955,0.106806282,0.179057591,0.596491227,0.274839297,0.358944427,0.457042999,0.815987426,0.182203701,8.247276062,0.327069719,5.829875005,142.6653633,27.01517736,0.364112041,114.0270422,5.24
17982,1B,Ty France,7,23.5,-1.85,1071,0.084967319,0.172735761,0.491891888,0.239944861,0.326622283,0.3864745,0.713096783,0.14652964,3.534568381,0.266997686,-2.304755531,125.466966,1.322057806,0.32497329,101.7367993,5.63
17954,OF,Sam Hilliard,6,23,-1.1,1017,0.068829891,0.23107178,0.297872337,0.270670362,0.340519501,0.380598256,0.721117758,0.109927894,4.676848796,0.351943996,-1.165361573,124.4152423,3.720679293,0.330319649,102.6778813,1.64
17922,2B,Isan Diaz,7,22.5,-2.2,1108,0.106498194,0.265342959,0.401360544,0.268848597,0.350630497,0.446416166,0.797046663,0.177567569,6.901142666,0.349455113,0.896304408,160.8795232,23.20674308,0.354812957,110.8063714,-3.04
17907,2B,Brendan Rodgers,7,21,-3.7,929,0.100107642,0.229278794,0.436619717,0.246514716,0.332970731,0.420175449,0.753146181,0.173660733,4.505313262,0.29446344,1.658646437,120.9079389,11.23865054,0.340505038,106.0506184,-0.68
17806,OF,Braden Bishop,6,22,-2.1,794,0.064231738,0.175062972,0.366906474,0.310236074,0.366601815,0.489987199,0.856589014,0.179751125,4.247987274,0.352010789,-0.853028259,130.1471439,32.90404794,0.379456352,131.9622796,-0.97
17736,2B,Richie Martin,6,23,-1.1,1066,0.097560975,0.155722326,0.626506024,0.303371118,0.380927154,0.425293566,0.80622072,0.121922448,6.6964889,0.359107195,2.576841184,161.5827022,30.30270142,0.364275615,123.1316205,-1.2
17723,OF,Skye Bolt,6,23,-1.1,952,0.094537815,0.210084033,0.449999999,0.248357077,0.331253888,0.40973274,0.740986628,0.161375663,7.285617456,0.298855541,2.727532038,119.8332526,4.515742238,0.333280342,100.5307957,-0.7
17710,1B,Matt Beaty,7,24,-0.7,624,0.104166666,0.241987179,0.430463574,0.251537219,0.337639256,0.428720475,0.766359731,0.177183256,5.39552915,0.316152564,-1.923664585,84.14871568,4.174833605,0.340195158,106.4114583,0.63
17484,DH,Eloy Jimenez,7,22.5,-2.85,937,0.071504802,0.13127001,0.544715443,0.331377109,0.381003201,0.53977937,0.920782571,0.208402261,2.716839659,0.350177382,-1.556398391,168.9473575,61.34884658,0.40682414,154.1453178,5.45
17468,3B,Kelvin Gutierrez,6,21.5,-2.6,882,0.080498866,0.204081632,0.394444443,0.290856707,0.350340136,0.470351252,0.820691388,0.179494545,5.402622274,0.341917027,1.201995334,131.8650671,28.17550045,0.366263821,126.3507571,0
17338,2B,Willi Castro,7,21.5,-3.2,827,0.068923821,0.217654171,0.316666666,0.268645173,0.32386661,0.397635746,0.721502356,0.128990574,6.610687416,0.338886393,2.434044113,99.28162009,1.787904196,0.327092157,103.9766056,3.14
17326,3B,Cole Tucker,6,20.5,-2.95,1099,0.075523202,0.176524113,0.427835048,0.273476464,0.334550975,0.387644537,0.722195512,0.114168073,6.629370238,0.322127026,2.077054948,132.8945269,4.025892427,0.328496176,103.0280216,-1.85
17321,2B,Michael Chavis,7,21,-4.35,704,0.105113636,0.217329545,0.483660131,0.281242591,0.364761475,0.443579082,0.808340558,0.162336492,7.186881313,0.353105115,3.838835205,103.435566,24.36312977,0.368353573,128.2608698,-1.16
17278,1B,Bobby Bradley,7,21.5,-3.85,1073,0.088536812,0.243243243,0.363984671,0.252305492,0.327407636,0.513107991,0.840515627,0.260802498,4.016006099,0.283320751,0.569731719,161.6696548,36.34829884,0.367996886,128.930974,0.1
17276,C,Alex Jackson,7,21.5,-3.85,909,0.09570957,0.266226622,0.35950413,0.230074421,0.312795874,0.421407351,0.734203225,0.191332929,3.567533894,0.285882468,-0.69959324,107.5355041,2.12569146,0.327238999,104.3614865,-0.8
16939,OF,Lane Thomas,7,21.5,-3.85,977,0.074718526,0.245649949,0.304166665,0.265292434,0.33128625,0.485306002,0.816592252,0.220013568,4.482752664,0.313461189,-1.40356256,142.6685117,28.55473654,0.364057263,124.6778304,1.06
16885,3B,Joshua Fuentes,7,23,-1.7,933,0.054662379,0.211146838,0.258883247,0.299063225,0.340484207,0.464489625,0.804973831,0.1654264,5.690660227,0.363837222,-3.193327393,132.9669382,19.50310755,0.355819336,105.5877912,0.15
16729,DH,Brian O'Grady,7,25,-0.35,826,0.076271186,0.208232445,0.366279069,0.294354293,0.354964315,0.514866226,0.869830541,0.220511933,5.913977754,0.345310476,-0.743038628,132.6913438,37.09371895,0.381374665,134.3499012,0.1
16572,OF,Connor Joe,7,25,-0.35,707,0.142857142,0.226308345,0.631249998,0.255459673,0.371649174,0.458236941,0.829886115,0.202777268,5.107380989,0.304613416,0.8334962,109.7062997,26.04616764,0.372156178,126.3559615,0.7
16542,OF,Shed Long Jr.,6,23,-1.1,878,0.111617312,0.21070615,0.52972973,0.245313721,0.339466452,0.38245874,0.721925192,0.137145019,5.543123575,0.303733127,-0.655271403,107.0546138,5.667656866,0.330803863,103.341958,-0.61
16530,2B,Mauricio Dubon,7,22,-3.35,553,0.086799276,0.204339963,0.424778762,0.293639919,0.355689744,0.496856156,0.8525459,0.203216238,5.326060068,0.340928018,0.082147139,86.77270006,25.09354046,0.38294745,133.7252891,2.76
16524,DH,Ryan McBroom,7,24,-2.6,1052,0.067490494,0.198669201,0.339712918,0.287387021,0.338377956,0.418326522,0.756704479,0.130939502,4.375355094,0.347191596,-1.415743594,133.4022344,11.35520504,0.338506011,103.843595,0.44
16429,OF,Jason Martin,7,23.5,-1.85,1071,0.0821662,0.210084033,0.391111111,0.259898578,0.329935074,0.411872663,0.741807737,0.151974085,3.810670981,0.30984395,-3.49240353,132.0706372,7.33671955,0.333609486,105.927419,-0.77
16426,2B,Thairo Estrada,7,21.5,-3.85,599,0.065108514,0.23539232,0.276595744,0.266828192,0.315525876,0.452646654,0.76817253,0.185818461,5.309711682,0.326121492,-1.407210591,77.88233852,8.955832032,0.342627502,115.0113617,0.79
16404,2B,Domingo Leyba,6,21.5,-2.6,900,0.076666666,0.113333333,0.676470587,0.28817775,0.349281166,0.387675224,0.73695639,0.099497474,4.362325133,0.316399186,-2.888565634,113.0507722,8.258975267,0.336706,109.3746219,-0.8
16375,OF,Oscar Mercado,7,22,-3.35,642,0.090342678,0.147975078,0.610526313,0.278458067,0.349524663,0.397491804,0.747016468,0.119033738,5.831512408,0.3167021,2.054879937,83.09067042,3.10808098,0.338799359,106.1831816,0.91
16211,DH,Kevin Cron,7,23.5,-1.85,961,0.070759625,0.220603538,0.320754715,0.296993465,0.353112378,0.485054361,0.838166739,0.188060896,4.907955643,0.35304603,-0.283915796,147.2910383,29.7959588,0.368742428,117.4719388,-0.81
15994,DH,Kean Wong,7,23.5,-1.85,1090,0.088073394,0.225688073,0.390243901,0.282620701,0.351407402,0.455028799,0.806436201,0.172408098,3.289886852,0.342029278,0.204266757,154.2124059,34.92266718,0.361705831,126.4773548,-0.8
15958,OF,Travis Demeritte,7,22.5,-2.85,960,0.097916666,0.236458332,0.414096916,0.240748674,0.319043617,0.383099596,0.702143213,0.142350922,4.965955765,0.299474876,-0.301613858,108.432139,-1.554405964,0.31940591,98.86325242,-0.97
15941,C,Austin Nola,7,25,-0.35,773,0.09831824,0.228978007,0.429378529,0.247479655,0.327691956,0.393056143,0.720748099,0.145576488,4.297876768,0.306409099,-1.350578287,92.22901737,3.496858921,0.331406437,106.7665687,7.16
15817,n/a,Erick Mejia,7,25,-0.35,904,0.086283185,0.154867256,0.557142856,0.253107898,0.322015721,0.34816495,0.670180671,0.095057052,5.695035696,0.296327612,-0.775407154,91.16185406,-17.01834887,0.305942279,84.04211582,0
15794,OF,Yonathan Daza,7,23,-2.35,728,0.071428571,0.166208791,0.429752066,0.286510453,0.339828535,0.417302586,0.757131121,0.130792133,6.364887618,0.33424841,2.408890936,94.88934032,8.893611859,0.341801857,108.2898183,-0.3
15585,DH,Mike Ford,7,24,-0.7,1001,0.068931068,0.16083916,0.428571427,0.302309299,0.354524907,0.451763856,0.806288763,0.149454557,5.525469692,0.342728467,2.519619029,147.0955392,25.84082263,0.357159332,111.6151101,-1.19
15402,2B,Jack Mayfield,7,25.5,-1.1,1011,0.1256182,0.162215627,0.774390246,0.270307,0.366295022,0.464424803,0.830719825,0.194117803,3.204489033,0.292276103,-0.614009246,152.2613393,27.96424029,0.367345607,126.3271266,0.4
15351,1B,Frank Schwindel,7,26,-0.6,1012,0.06027668,0.156126482,0.38607595,0.28480754,0.33201581,0.503231806,0.835247616,0.218424266,3.823322612,0.300399962,0.391882174,150.6840118,22.81766907,0.362671243,118.2738825,1.6
15170,2B,Josh VanMeter,7,24,-2.6,1036,0.064671815,0.17084942,0.378531073,0.296767873,0.343314282,0.500403521,0.843717803,0.203635648,3.261779002,0.330786048,-0.848532062,157.3570023,32.14031486,0.366514357,123.2935189,-1.18
15156,n/a,Ian Miller,7,24,-1.35,1016,0.094488188,0.186023621,0.507936507,0.257525175,0.329710943,0.340021919,0.669732862,0.082496744,5.448065942,0.314606253,4.201875618,103.0563641,-16.75354012,0.308297535,88.05539979,0
15055,C,Dom Nunez,7,24,-1.35,938,0.084221748,0.186567164,0.451428571,0.272711267,0.341217381,0.372487991,0.713705371,0.099776724,5.785995568,0.326536927,5.263197316,109.7053502,-2.769661111,0.3257425,101.2885504,0.4
14973,n/a,Zach Green,7,23,-2.35,814,0.111793611,0.26044226,0.429245282,0.244359322,0.345215651,0.448256631,0.793472282,0.20389731,3.74226284,0.306602764,0.435487551,115.4327367,20.25298305,0.356749573,114.7961656,0
14854,OF,Mike Yastrzemski,7,25,-0.35,711,0.094233474,0.253164557,0.372222222,0.242967651,0.324442948,0.416859453,0.741302401,0.173891802,4.699128281,0.307860946,-0.510908187,86.90719905,6.627910941,0.333109839,109.5071141,9.73
14773,SS,Yu Chang,7,24,-2.6,919,0.091403699,0.255712731,0.357446807,0.263868986,0.338400752,0.442652319,0.781053071,0.178783333,4.259404184,0.33418241,-0.787684773,123.165578,18.90482749,0.347217987,116.3440281,1.07
14453,OF,Scott Heineman,7,23,-2.35,1008,0.090277777,0.23015873,0.392241378,0.263129719,0.341265126,0.453341076,0.794606202,0.190211358,5.928884097,0.310016865,0.069307289,140.6971163,16.3956771,0.35274614,117.0891825,-0.91
14387,DH,Harold Ramirez,6,23.5,-0.6,1034,0.074468085,0.202127659,0.368421051,0.301509628,0.363989438,0.448591638,0.812581076,0.14708201,5.413608121,0.367913575,0.746706308,154.5359995,33.40390302,0.366256064,122.9168271,-0.47
14137,DH,Tim Lopes,7,23,-2.35,875,0.066285714,0.140571428,0.471544713,0.270636738,0.322241126,0.360879523,0.683120649,0.090242785,4.46603999,0.307670892,0.224173078,90.155063,-10.40974652,0.308800325,87.9480855,-0.78
13905,1B,Seth Mejias-Brean,7,25,-0.35,1064,0.095864661,0.170112781,0.563535912,0.264526293,0.337406014,0.383041413,0.720447428,0.11851512,4.7056062,0.307662533,-0.218348831,125.3717916,-5.057917162,0.326318607,97.60865248,0.1
13897,C,Tyler Heineman,7,26.5,-0.1,762,0.094488188,0.169291338,0.558139533,0.261268395,0.340470283,0.345857921,0.686328205,0.084589527,4.00820005,0.309060947,0.081383953,83.68664734,-5.88092327,0.315550843,97.26238843,0.37
13854,C,Anthony Bemboom,7,27,0.4,477,0.109014675,0.174004193,0.626506024,0.255734693,0.340446045,0.377633195,0.71807924,0.121898502,2.176241609,0.299946194,0.266164891,55.91243978,-6.611522434,0.323097792,71.06084965,1.15
13795,SS,Eric Stamets,7,26.5,-0.1,429,0.097902098,0.216783216,0.451612903,0.230217666,0.316005086,0.373922774,0.689927861,0.143705108,4.508981407,0.281681064,0.083008403,46.44182171,-4.922966916,0.310459977,80.58653111,-0.6
13675,OF,Tyrone Taylor,7,24.5,-2.1,911,0.071350165,0.190998902,0.373563219,0.269215154,0.327849303,0.484698895,0.812548197,0.215483741,6.302945137,0.300171004,2.617421376,128.728527,16.84980037,0.354321319,100.9242193,2.04
13595,SS,Humberto Arteaga,7,23.5,-1.85,566,0.056537102,0.164310953,0.344086021,0.29115171,0.329130709,0.412722697,0.741853406,0.121570987,3.264652102,0.331339429,-0.647968545,69.20476932,-2.626414992,0.330356414,95.0479862,-0.9
13356,OF,Bubba Starling,7,24,-1.35,556,0.06294964,0.138489208,0.454545454,0.262791091,0.314059407,0.341015928,0.655075336,0.078224837,3.77072455,0.298944153,-0.882397437,53.58412199,-11.83147267,0.2985306,77.80984655,-1.51
13167,3B,Robel Garcia,7,24,-2.6,303,0.06270627,0.214521452,0.29230769,0.248201438,0.303333333,0.381294964,0.684628297,0.133093526,4.203054801,0.300970873,-0.934530973,30.4756119,-9.418993363,0.304019961,74.24492777,-0.8
12782,n/a,Taylor Davis,7,28,1.4,409,0.097799511,0.139364303,0.701754387,0.275280898,0.3475,0.359550561,0.707050561,0.084269663,1.429772435,0.315436241,-1.008450291,47.76913989,-5.621390356,0.322595207,89.69623565,0
12268,n/a,Ryan Court,7,28.5,1.9,856,0.108644859,0.225467289,0.481865283,0.279744084,0.361065374,0.418454311,0.779519685,0.138710227,2.865008766,0.359953649,-1.55313541,118.6420412,6.443266296,0.348089423,106.0056382,0
10839,DH,Rangel Ravelo,7,27.5,0.9,841,0.104637336,0.206896551,0.505747126,0.284459522,0.368298333,0.446438186,0.814736518,0.161978664,3.655957249,0.345005461,-0.488388133,126.2287722,23.83410649,0.364471178,126.3502901,-0.54
20123,OF,Juan Soto,4,17.5,-3.35,330,0.087878787,0.115151515,0.763157891,0.362058709,0.418181818,0.534693305,0.952875123,0.172634596,4.931011333,0.396900826,-0.512315393,66.70072746,29.34222322,0.441269396,176.2134267,15.9
19755,DH,Shohei Ohtani,0,0,0,0,0,0,0,0,0,0,0,0,0,0,0,0,0,0,0,9.3
19287,OF,Adolis Garcia,7,24,-2.6,489,0.067484662,0.220858895,0.305555554,0.28988764,0.340163934,0.476404494,0.816568428,0.186516854,5.055388232,0.347560975,-0.915701965,70.26023232,11.46169893,0.359215381,118.7637644,2.6
19262,2B,Garrett Hampson,5,21.5,-0.15,915,0.113661202,0.145355191,0.781954884,0.317700035,0.392949998,0.454673707,0.847623705,0.136973672,8.629408677,0.36465519,8.870444897,153.2911331,37.54419837,0.383611168,119.9554355,0.2
19254,2B,Jose Miguel Fernandez,7,29,2.4,381,0.065616797,0.089238845,0.735294109,0.306122448,0.367454068,0.495626822,0.86308089,0.189504374,1.64221321,0.300675675,-1.035573989,62.35614825,18.2184607,0.386951561,140.2083913,0
19238,OF,Lourdes Gurriel Jr.,6,23,-1.1,254,0.047244094,0.169291338,0.279069766,0.228813559,0.267716535,0.33898305,0.606699585,0.110169491,3.981669519,0.255208333,0.637145499,19.15907765,-9.788187236,0.274530037,61.29361385,4.1
18882,2B,Brandon Lowe,6,21.5,-1.15,917,0.118865866,0.183206106,0.648809523,0.273304268,0.365806149,0.419396034,0.785202183,0.146091766,5.0851093,0.327316062,-0.042237978,130.855736,32.17750649,0.365610229,134.7460859,7.3
18401,OF,Ronald Acuna Jr.,7,18.5,-5.4,791,0.078381794,0.218710493,0.3583815,0.321952893,0.377906039,0.501199211,0.87910525,0.179246318,7.200603708,0.392651741,1.015035232,132.5914331,45.31262773,0.395501847,151.005662,13.8
18345,OF,Kyle Tucker,6,19.5,-3.95,1021,0.094025465,0.186092066,0.505263155,0.279068911,0.352934456,0.483955469,0.836889925,0.204886559,6.54034072,0.314363439,2.106540053,157.0542232,41.17470322,0.373569586,135.3950908,5.1
18288,OF,Austin Dean,6,22.5,-1.6,804,0.077114427,0.196517412,0.39240506,0.255278884,0.313814107,0.39873838,0.712552486,0.143459495,4.352263535,0.301978021,-0.762270731,92.23674515,4.833466446,0.32804319,106.8959591,-1
17992,2B,David Fletcher,7,22.5,-2.85,927,0.056094929,0.1197411,0.468468464,0.272276727,0.318782237,0.345049848,0.663832085,0.072773121,5.575662006,0.305880629,3.694384491,93.09799195,-19.75059467,0.303819778,84.42523613,5.2
17975,2B,Scott Kingery,7,22.5,-2.85,1189,0.066442388,0.167367535,0.396984923,0.292401336,0.347162264,0.460185285,0.807347549,0.167783949,7.174542063,0.331205602,6.94266166,170.1869485,35.63807595,0.36263641,122.8256819,1
17929,OF,Cedric Mullins,6,21.5,-1.15,909,0.07040704,0.174917491,0.402515723,0.269895274,0.319989544,0.462418616,0.782408161,0.192523342,6.978423026,0.301723616,2.566015916,122.4395081,18.26055245,0.348196401,117.1889308,5.5
17766,OF,DJ Stewart,6,22.5,-0.95,1042,0.137236084,0.183301343,0.7486911,0.266203921,0.377521348,0.441486276,0.819007624,0.175282355,5.715705994,0.305789036,3.715664583,159.3841781,37.87749568,0.372316687,127.2582789,0.1
17738,1B,Chris Shaw,7,22.5,-2.85,1075,0.08,0.239069767,0.33463035,0.278971156,0.340465116,0.503407602,0.843872717,0.224436446,2.266041124,0.333793351,0.183333928,164.2993198,29.67033312,0.366283827,126.1736801,-0.7
17719,OF,Steven Duggar,7,22.5,-2.85,779,0.127086007,0.219512194,0.578947367,0.292019865,0.382541719,0.447088517,0.829630236,0.155068652,5.453105265,0.366733908,-1.635050392,123.7817733,26.66559216,0.373069157,131.8057,1.8
17714,OF,Christin Stewart,6,22.5,-1.6,1097,0.129443937,0.24521422,0.527881039,0.255378057,0.360072926,0.508886268,0.868959194,0.253508211,3.41252994,0.292416949,0.827084025,178.2367911,53.70945752,0.390089625,140.4004894,-0.7
17696,2B,Kevin Newman,7,22.5,-2.85,1010,0.071287128,0.097029703,0.734693872,0.29103994,0.346270862,0.391617528,0.73788839,0.100577588,5.386070885,0.314119255,1.41007984,122.8289788,7.146545486,0.335927974,107.1191747,0.9
17689,OF,Kevin Kramer,6,22.5,-0.95,764,0.085078534,0.15183246,0.560344826,0.281395069,0.358009013,0.411522302,0.769531315,0.130127233,4.382121667,0.32476926,-2.156114417,103.6182573,18.5248494,0.354051384,119.3021162,-1.1
17620,OF,Myles Straw,6,21.5,-1.95,984,0.136178861,0.156504065,0.870129871,0.317502422,0.412590477,0.397975058,0.810565535,0.080472635,7.040186165,0.386012309,3.473365437,154.4705051,41.79734853,0.378081266,138.3457701,4.3
17548,OF,Taylor Ward,6,22.5,-0.95,921,0.114006515,0.153094462,0.744680853,0.252647707,0.341710556,0.359323538,0.701034094,0.106675831,1.665163732,0.282526423,0.350366983,109.7956807,-5.842957565,0.32317738,100.7951386,0.1
17128,OF,Ramon Laureano,6,21.5,-2.6,1018,0.108055009,0.224950884,0.480349344,0.272501217,0.362475442,0.447832397,0.810307839,0.17533118,7.839648927,0.340952804,5.369250466,153.0588806,31.19705838,0.364091369,122.5637224,7.6
17109,C,Meibrys Viloria,4,19.5,-0.7,657,0.06849315,0.175038051,0.391304347,0.305136781,0.361590389,0.477613856,0.839204244,0.172477075,3.835523727,0.352855473,-0.637618148,109.6913615,25.17560384,0.374128489,124.2720372,-1
17098,OF,Dustin Fowler,7,21.5,-3.85,887,0.041713641,0.167981961,0.248322147,0.285184427,0.317499862,0.487937928,0.80543779,0.202753501,7.400220837,0.320383799,1.144804586,122.1035521,19.96023294,0.354342042,121.258292,-0.9
17062,C,Grayson Greiner,7,23.5,-3.1,740,0.083783784,0.213513513,0.392405063,0.263476511,0.328836528,0.425366734,0.754203262,0.161890223,2.417790882,0.312580522,0.275961932,92.79088886,7.647073886,0.339675895,104.9190592,-0.6
17022,2B,Edmundo Sosa,6,20.5,-2.95,652,0.052147239,0.176380367,0.295652173,0.276559909,0.316333759,0.349408913,0.665742672,0.072849004,4.643784626,0.333266366,0.063396685,67.89227687,-2.872751027,0.311671827,101.3303118,2.1
16997,2B,Gleyber Torres,7,19.5,-5.2,782,0.112531969,0.200767263,0.560509551,0.275059572,0.362878795,0.438441405,0.8013202,0.163381833,5.958667212,0.333417303,-2.734450149,115.165137,23.91449644,0.366664603,128.7256767,7.3
16925,C,Aramis Garcia,6,23.5,0.05,619,0.061389337,0.221324717,0.277372261,0.267535843,0.319254902,0.439620464,0.758875366,0.17208462,2.335783583,0.31973888,0.251566917,81.12555563,2.724583287,0.335858328,107.7482948,-0.2
16839,n/a,Braxton Lee,6,22.5,-1.6,992,0.095766128,0.163306451,0.586419751,0.265583974,0.340019681,0.328562888,0.668582569,0.062978914,5.21813757,0.324969755,-2.519199068,102.0450299,-4.893545647,0.312650088,95.40425548,0
16725,C,Jose Trevino,6,23.5,0.05,888,0.050675675,0.104729729,0.483870964,0.27336538,0.309994235,0.381401812,0.691396047,0.108036432,2.42579438,0.290356741,-0.502252249,96.60213971,-12.53582529,0.310538145,79.61776178,0.9
16622,3B,Luis Urias,7,19.5,-5.85,1072,0.105410447,0.095149253,1.10784314,0.314844001,0.401143034,0.413820916,0.814963951,0.098976915,4.611286328,0.345009362,-4.748453601,169.9248121,38.45064105,0.3733918,134.2012116,2.4
16535,C,Danny Jansen,7,21.5,-3.2,652,0.098159509,0.125766871,0.780487804,0.286618394,0.370860349,0.408630457,0.779490805,0.122012063,3.395106132,0.314283076,1.179621373,91.19080711,18.43941939,0.359547797,120.9672976,4
16512,2B,Isiah Kiner-Falefa,6,21.5,-2.6,1038,0.078998073,0.119460501,0.661290319,0.27223542,0.344291448,0.341030069,0.685321518,0.068794649,4.605008636,0.308357885,-0.30565797,115.9487021,-1.738446346,0.318208135,93.58771121,1.3
16451,2B,Luis Guillorme,6,21.5,-1.95,1063,0.108184383,0.111006585,0.974576269,0.273382668,0.355032414,0.323260167,0.678292581,0.049877499,3.025807622,0.309732651,-0.353072925,118.6762862,-1.475973728,0.322041503,98.07569141,0.5
16448,DH,Jacob Nottingham,6,21.5,-2.6,841,0.078478002,0.267538644,0.293333334,0.222517216,0.308703955,0.357170454,0.665874409,0.134653238,4.340831617,0.290270773,0.928136182,85.48377898,-5.403513705,0.310797122,94.78686405,0
16442,OF,Ryan O'Hearn,7,22.5,-2.85,1103,0.100634633,0.269265639,0.373737374,0.264007616,0.340579526,0.46686158,0.807441106,0.202853964,2.629849748,0.334251179,-1.437813838,157.5822066,24.58391589,0.356313441,117.7306535,-0.7
16357,3B,Pablo Reyes,6,22.5,-0.95,838,0.105011933,0.139618138,0.752136753,0.269952969,0.349432086,0.399397881,0.748829967,0.129444913,5.145648231,0.300748242,-1.973724678,107.758728,12.70226116,0.344411996,111.9373772,0.5
16313,2B,Yairo Munoz,7,21.5,-3.85,893,0.049272116,0.17581187,0.280254776,0.272567939,0.309700236,0.419062844,0.72876308,0.146494905,5.568357515,0.309740201,0.45825845,104.1693447,-1.284718001,0.323270804,96.94375831,-0.5
16291,C,Nick Ciuffo,6,21.5,-1.95,676,0.078402366,0.210059171,0.373239436,0.247090264,0.304083301,0.346112812,0.650196113,0.099022548,2.714113635,0.307248006,-0.068534647,63.80029921,-8.963658967,0.300803725,87.98370987,-0.1
16285,OF,Michael Hermosillo,7,21.5,-3.2,867,0.103806228,0.193771626,0.535714287,0.286176982,0.379620706,0.423842164,0.80346287,0.137665182,6.34783233,0.348554866,-0.435533473,130.0055515,28.60063138,0.367542434,126.0932857,0.4
16271,1B,Alex Blandino,7,23.5,-1.85,938,0.126865671,0.213219616,0.594999997,0.248415113,0.357957709,0.395288093,0.753245802,0.14687298,3.482093294,0.306158722,-1.531800314,124.3519797,21.40621871,0.350560508,118.0697446,0.1
16115,OF,Mike Gerber,7,23.5,-1.85,995,0.094472361,0.251256281,0.375999999,0.287994916,0.356783919,0.479222918,0.836006838,0.191228002,5.374478621,0.364587666,0.023902105,152.5622916,39.84142565,0.377218636,132.4225851,-0.7
16041,2B,Stevie Wilkerson,6,24.5,0.4,923,0.091007583,0.208017334,0.437499999,0.277303237,0.353051331,0.380812376,0.733863708,0.103509139,4.666696969,0.348499328,-0.054042996,116.3512612,7.402959882,0.338684671,101.8932595,-2.1
15986,SS,Willy Adames,7,20.5,-4.85,1146,0.121291448,0.220767888,0.549407114,0.27518436,0.366258829,0.422464919,0.788723748,0.147280558,5.769720903,0.348034543,-0.189071096,162.0692138,34.24529356,0.361207983,124.8063452,7.6
15711,OF,Tyler O'Neill,7,21.5,-3.85,1132,0.102473498,0.26590106,0.385382058,0.269941246,0.348056537,0.503632659,0.851689195,0.233691413,5.35813378,0.325515893,2.855683763,174.070516,37.93385989,0.374473124,129.4730272,6.5
15679,1B,Rowdy Tellez,7,21.5,-3.85,1015,0.108374384,0.183251231,0.59139785,0.260113797,0.341871921,0.432394509,0.77426643,0.172280712,3.645889577,0.294607964,0.355908132,132.307221,15.71826424,0.344991693,110.9048516,-0.4
15674,C,Reese McGuire,6,21.5,-2.6,540,0.103703703,0.103703703,1.000000001,0.26732982,0.348318824,0.381201898,0.729520722,0.113872077,3.868251919,0.288383211,-1.592665057,66.14518701,3.407946652,0.335361454,103.2854729,3
15672,OF,Austin Meadows,7,21.5,-5.1,702,0.086894587,0.173789174,0.5,0.263627474,0.328110161,0.45989766,0.788007821,0.196270186,6.731406808,0.297672713,2.303274423,93.10075566,13.94806925,0.348415681,119.8596422,6.3
15654,OF,Billy McKinney,7,21.5,-3.85,991,0.09889001,0.192734611,0.513089003,0.261698407,0.340074757,0.41116895,0.751243707,0.149470543,4.348620953,0.30986847,-1.855366038,125.2348732,12.94759786,0.340590299,112.07139,-0.1
15608,3B,Willians Astudillo,7,24.5,-0.85,470,0.019148936,0.034042553,0.562500007,0.287393506,0.314177305,0.393856658,0.708033963,0.106463151,1.961809583,0.281213467,-0.95260351,52.89994591,-1.305002513,0.319062549,93.69258656,0.3
15490,OF,Justin Williams,6,20.5,-3.6,767,0.062581485,0.16297262,0.383999996,0.298107749,0.342894393,0.469606192,0.812500585,0.171498443,3.951985019,0.330606763,-0.50784904,110.4721907,27.78350814,0.368614725,132.8149514,-0.7
15487,OF,Victor Reyes,6,21.5,-1.95,1025,0.058536585,0.154146341,0.379746832,0.297487874,0.340560153,0.407204666,0.747764819,0.109716793,6.279053558,0.3469838,0.998836056,131.3144604,10.18693935,0.338432398,106.1828315,0.7
15482,OF,Aristides Aquino,6,22.5,-0.95,1030,0.070873786,0.241747572,0.29317269,0.244815949,0.304854368,0.458858377,0.763712746,0.214042429,6.109046293,0.289248029,0.035182011,131.6344244,20.54972858,0.346923727,115.6051804,1.3
15407,n/a,Nate Orf,7,26.5,-0.1,1044,0.099616858,0.132183908,0.753623186,0.292625794,0.376204825,0.422916122,0.799120947,0.130290328,5.924759682,0.330817108,-0.291168824,152.9830348,21.16416408,0.357789227,94.10789818,0
15362,2B,Jeff McNeil,7,24.5,-0.85,208,0.057692307,0.144230769,0.399999995,0.292395104,0.350961538,0.442016316,0.792977854,0.149621212,4.04033827,0.322214853,0.221208153,28.61721609,4.366821654,0.358633128,116.8785434,8.5
15271,C,Austin Wynns,7,25.5,0.15,740,0.097297297,0.148648648,0.654545456,0.283420439,0.360034705,0.41761705,0.777651755,0.134196611,2.659000209,0.317423845,0.290127371,102.0586466,15.26105019,0.354492819,111.7742212,-1
15214,1B,Brandon Dixon,7,24.5,-0.85,952,0.070378151,0.275210083,0.255725189,0.26194482,0.320721145,0.4459466,0.766667745,0.18400178,5.373582842,0.334669044,1.037874433,122.5292187,16.29393629,0.344033731,113.2299468,-0.1
15194,1B,Jake Bauers,7,20.5,-4.85,1156,0.130622836,0.173875432,0.751243778,0.268631221,0.368604499,0.415722149,0.784326648,0.147090928,4.559660061,0.309472321,1.784550926,162.3050645,33.40280704,0.359791656,123.8975207,-1.1
15189,OF,Dustin Peterson,7,21.5,-3.85,924,0.077922078,0.192640692,0.404494382,0.269698001,0.333333333,0.389048873,0.722382206,0.119350872,3.289402584,0.327198864,-0.73590313,110.172627,7.663360178,0.333159489,108.3515796,-0.2
15181,OF,Ryan Cordell,7,24.5,-0.85,737,0.07734057,0.21981004,0.351851851,0.271855051,0.331071913,0.492586412,0.823658324,0.22073136,7.042529619,0.314892246,0.71430461,107.9443157,20.30376297,0.35938888,110.598446,-0.1
15115,OF,Dylan Cozens,7,22.5,-2.85,1128,0.105496454,0.336879432,0.313157895,0.244531025,0.326241134,0.50799516,0.834236294,0.263464134,5.934587758,0.316651308,4.143327413,166.5166935,36.91743399,0.367025342,122.6772367,-0.1
15104,OF,Jonathan Davis,6,24.5,1.05,1064,0.130639097,0.207706767,0.628959276,0.250300326,0.368748912,0.409265341,0.778014254,0.158965016,6.919582151,0.304777836,2.564628599,149.5742868,29.40668887,0.361420413,120.1434148,-0.7
15048,OF,Johnny Field,7,24.5,-2.1,971,0.057672502,0.210092688,0.274509802,0.26707545,0.313006327,0.439188296,0.752194622,0.172112846,5.583822151,0.318208725,-0.596183399,118.4679653,10.94289588,0.335648023,108.5744887,0.4
14938,n/a,Jack Reinheimer,7,23.5,-3.1,1097,0.086599817,0.163172287,0.530726256,0.283108893,0.346773082,0.367661105,0.714434187,0.084552211,5.599171549,0.337126196,-2.514982483,128.8842792,-12.41070564,0.324137772,81.02338653,0
14897,OF,Daniel Palka,7,24.5,-2.1,950,0.089473684,0.281052631,0.31835206,0.262439893,0.328421052,0.484907971,0.813329023,0.222468078,4.499074577,0.324212881,-0.96584677,134.9228841,29.81424614,0.362846587,125.1096665,-1.5
14713,3B,Dawel Lugo,6,21.5,-2.6,1067,0.04873477,0.119962511,0.406249996,0.293547199,0.329896907,0.456626836,0.786523743,0.163079637,4.651964949,0.310761751,0.091886457,146.7871738,22.91194187,0.352322199,115.0429538,-0.7
14691,2B,Harold Castro,6,22.5,-1.6,898,0.032293986,0.132516703,0.243697476,0.273134015,0.30111227,0.345811106,0.646923376,0.072677091,5.062514346,0.30976068,-0.754807425,80.52423229,-23.61362524,0.293844968,73.23905722,-0.5
14593,3B,David Bote,7,23.5,-1.85,900,0.093333333,0.169999999,0.549019609,0.294921751,0.371947466,0.46012258,0.832070046,0.165200829,4.88868037,0.340212259,0.531689792,138.9972518,38.27663075,0.37887249,135.5581807,2.2
14566,DH,Franmil Reyes,6,20.5,-2.95,1113,0.085354896,0.217430368,0.392561981,0.267970045,0.330637915,0.458017164,0.788655079,0.190047119,3.226887684,0.310421094,-1.62652651,154.3608563,18.08756751,0.349141334,118.7405185,3.9
14558,OF,Carlos Tocci,7,20.5,-4.2,1084,0.05904059,0.141143911,0.418300651,0.288868832,0.338256529,0.371231418,0.709487946,0.082362586,4.700109582,0.332949868,-0.9722761,125.5640002,3.5154366,0.327835807,100.0112908,-0.6
14548,n/a,Jesmuel Valentin,7,22.5,-4.1,615,0.09105691,0.15609756,0.583333336,0.262312394,0.331210938,0.377209036,0.708419975,0.114896643,4.333304048,0.300434883,-0.822058037,69.09453769,-0.822115301,0.322817898,93.24248529,-0.4
14528,n/a,Gabriel Guerrero,7,22.5,-2.85,995,0.063316583,0.205025125,0.308823529,0.255734996,0.302512562,0.380846731,0.683359293,0.125111735,4.615101874,0.308323153,-2.276901476,101.0237133,-8.139835721,0.310972789,89.80729253,0
14477,OF,Jake Cave,7,23.5,-3.1,907,0.070562293,0.243660418,0.289592759,0.285824286,0.340332313,0.482465437,0.822797749,0.19664115,5.043475664,0.35915177,-2.574338593,131.2755008,29.93476878,0.364074512,129.6216195,1.7
14388,1B,Ronald Guzman,7,21.5,-5.1,1038,0.082851637,0.183044316,0.452631577,0.286266888,0.352599259,0.441526147,0.794125406,0.155259258,4.377943448,0.332150609,-0.335131952,146.3793863,19.02818609,0.352704013,115.52523,-0.6
14196,SS,Andrew Velazquez,6,21.5,-1.95,727,0.070151306,0.251719394,0.278688524,0.246894338,0.304016218,0.345640927,0.649657145,0.098746589,6.11928016,0.32531528,-0.020474577,70.22931679,-8.047554991,0.304173764,90.08273341,-0.3
14111,C,Eric Haase,7,23.5,-1.85,635,0.097637795,0.303937007,0.321243522,0.239588414,0.31852804,0.523889159,0.8424172,0.284300746,4.640001789,0.288483747,-0.726020162,94.69771716,20.80318151,0.368714568,130.5004414,0.5
13602,1B,Patrick Wisdom,7,24.5,-2.1,810,0.082716049,0.27654321,0.299107141,0.241688972,0.311498186,0.457896434,0.76939462,0.216207462,3.551315299,0.293812463,0.022789759,101.9475852,-2.867910176,0.333716736,102.4882119,2.3
13151,C,Jose Briceno,7,23.5,-3.1,777,0.057915057,0.186615186,0.310344824,0.21299955,0.25708502,0.320884445,0.577969465,0.107884895,4.397104392,0.246422332,0.284128438,53.91014635,-33.57003926,0.263939561,62.56452145,0.4
13012,OF,John Andreoli,7,26.5,-0.1,1122,0.14171123,0.267379678,0.530000001,0.250908272,0.362062647,0.413748437,0.775811084,0.162840165,7.817010913,0.337654684,3.536860512,155.0892184,10.82240195,0.348512094,108.4293935,0
13006,n/a,Mitch Walding,6,23.5,-0.6,910,0.117582417,0.289010988,0.406844106,0.257043789,0.349961306,0.472568577,0.822529883,0.215524787,4.195340834,0.33054311,-0.780327285,135.399442,32.44210336,0.371522628,128.3208876,0
12977,C,Michael Perez,7,23.5,-1.85,616,0.094155844,0.199675324,0.471544715,0.259299648,0.330145738,0.398341258,0.728486996,0.139041611,2.824734591,0.314586272,-0.921693237,74.33326946,4.028051908,0.33211377,103.4859461,-0.2
12594,n/a,Mike Marjama,7,26.5,1.15,685,0.068613138,0.166423357,0.412280701,0.266522916,0.329462726,0.431321998,0.760784724,0.164799082,3.631553089,0.299896797,-0.524877477,87.85417329,9.765562548,0.34408733,112.8439722,0
12384,C,Beau Taylor,7,26.5,1.15,642,0.129283489,0.210280374,0.614814813,0.28586762,0.380658099,0.407832337,0.788490436,0.121964717,2.416089465,0.35938925,-0.774744711,92.17235623,17.38485035,0.357688389,120.8252858,0
12119,DH,Matt Skole,7,26.5,-0.1,843,0.112692764,0.223013048,0.505319149,0.236161068,0.325029655,0.439597577,0.764627233,0.20343651,2.607263112,0.265620198,0.034234482,107.4812181,15.78623667,0.343312554,115.6144635,-0.5
12037,3B,Jon Berti,7,26.5,-0.1,611,0.098199672,0.191489361,0.512820511,0.23486404,0.32017141,0.350205669,0.670377079,0.115341629,8.525709775,0.285767155,6.739638235,62.57745484,-7.338502877,0.309589796,87.06586245,1.7
12005,DH,Nick Martini,7,26.5,-0.1,1002,0.120758483,0.158682634,0.76100629,0.277949016,0.368263473,0.390780557,0.75904403,0.112831542,5.405547993,0.323564933,1.997520551,134.0689962,9.218450596,0.343013134,109.7440133,1
11894,OF,Noel Cuevas,7,24.5,-2.1,888,0.043918918,0.176801801,0.248407639,0.305764826,0.343846837,0.457254009,0.801100846,0.151489183,6.7855107,0.357685173,0.716075298,123.3241043,10.55095411,0.350172198,99.55035941,-1.1
11875,SS,Ronny Rodriguez,7,24.5,-2.1,971,0.046343975,0.1853759,0.249999999,0.274217666,0.308129326,0.426929962,0.735059288,0.152712296,5.032123243,0.313517836,-0.047198892,112.2456785,5.230057424,0.326574621,99.87866307,-0.3
11611,OF,Rosell Herrera,7,23.5,-1.85,857,0.106184363,0.172695449,0.614864862,0.285987327,0.364083916,0.385145943,0.749229859,0.099158616,6.953398138,0.344534659,5.157334831,110.3473659,5.306596178,0.340744795,102.2039527,-0.7
10286,C,Francisco Arcia,7,26.5,-0.1,502,0.077689243,0.201195219,0.386138614,0.225692183,0.310623154,0.272978824,0.583601978,0.047286641,2.239085226,0.28955474,-1.022314001,39.41697453,-17.56267336,0.280471953,71.54176115,-0.3
5503,2B,Corban Joseph,7,27.5,0.9,751,0.078561917,0.105193076,0.74683544,0.296965665,0.352066142,0.421957091,0.774023233,0.124991426,3.172248076,0.315695895,-1.386037727,98.90267268,14.81632456,0.34812218,118.8114966,-0.9
5238,OF,Isaac Galloway,7,26.5,-0.1,665,0.07368421,0.22406015,0.328859059,0.273638273,0.334675565,0.422414912,0.757090478,0.148776639,6.003748332,0.332271999,3.659020385,84.82652076,1.801992619,0.338677702,110.0822673,-0.3
19369,3B,Jae-Gyun Hwang,0,0,0,0,0,0,0,0,0,0,0,0,0,0,0,0,0,0,0,-0.2
19363,OF,Austin Hays,3,20,-0.5,153,0.071895424,0.209150326,0.343749997,0.335714285,0.385620915,0.514285714,0.899906629,0.178571429,4.935392554,0.409523809,-0.460923587,27.73642415,11.24090509,0.422236865,172.6762347,0.3
18363,OF,Victor Robles,5,18.5,-3.15,765,0.065359477,0.143790849,0.454545454,0.304790936,0.399325105,0.451543352,0.850868457,0.146752416,8.820579913,0.347036006,4.17971498,129.9902203,42.40123028,0.397164111,148.9839905,4.2
18289,OF,Brian Anderson,6,22.5,-0.95,1082,0.090573012,0.19038817,0.475728154,0.250212715,0.326528972,0.364932664,0.691461635,0.114719949,3.507915665,0.297415549,-0.378386377,123.8963292,9.981710495,0.328581687,112.2051878,5.9
18030,OF,Harrison Bader,7,21.5,-2.4,775,0.065806451,0.232258064,0.283333333,0.281304964,0.345806451,0.475512476,0.821318927,0.194207512,6.140849328,0.33754053,-1.638435836,117.1964325,28.68192498,0.371155918,135.8403748,5.3
18015,3B,Paul DeJong,6,21.5,-1.15,844,0.081753554,0.232227488,0.352040816,0.279567703,0.348341232,0.479033691,0.827374923,0.199465988,4.38007846,0.334723372,0.836335442,129.1776491,34.94913899,0.371461036,135.8521424,6.7
17932,OF,Andrew Stevenson,6,21.5,-1.15,819,0.073260072,0.152625152,0.479999996,0.285452862,0.340722988,0.375520712,0.7162437,0.09006785,8.095337957,0.335859401,3.289354853,98.35008379,2.238946368,0.331204334,103.3885079,-0.1
17919,OF,Ian Happ,6,20.5,-2.15,862,0.125290023,0.22737819,0.551020408,0.271938301,0.361948956,0.452017469,0.813966425,0.180079168,6.138949546,0.333174887,1.893507761,131.0528157,31.96280838,0.373266001,133.094065,3.8
17838,DH,Willie Calhoun,6,20.5,-2.95,883,0.090600226,0.116647791,0.776699028,0.276902571,0.344641479,0.487516276,0.832157754,0.210613705,2.586024959,0.27502806,-0.033772058,136.942838,31.53301737,0.368555276,129.5304499,-0.5
17642,DH,JT Riddle,7,23.5,-3.1,878,0.062642368,0.152619589,0.410447759,0.279147593,0.324507849,0.36724263,0.69175048,0.088095037,5.181970257,0.322988328,0.569260626,96.15363029,0.376516118,0.321788487,102.6534995,0.7
17350,3B,Rafael Devers,5,18.5,-3.5,1054,0.060721062,0.168880455,0.359550561,0.284976449,0.332380824,0.443415553,0.775796377,0.158439104,5.156626739,0.326929242,0.002191452,144.8874605,19.54622934,0.351696567,113.3964596,8
17161,C,Chad Wallach,6,23.5,0.05,663,0.114630467,0.185520362,0.617886176,0.243766662,0.339991657,0.37284701,0.712838667,0.129080348,2.157394599,0.289993655,-1.514305846,80.56632888,11.48387411,0.338881218,113.3879773,0.2
17075,n/a,Miguel Gomez,5,22.5,0.85,751,0.033288947,0.10252996,0.324675319,0.325964069,0.350682637,0.490117673,0.840800311,0.164153604,3.509322443,0.339003192,-0.79875787,120.3349593,30.42348532,0.378039667,135.1950882,-0.1
17027,OF,Alex Verdugo,6,19.5,-3.95,1069,0.06080449,0.123479887,0.492424238,0.290750732,0.336457307,0.42324933,0.759706638,0.132498599,3.995904806,0.3150567,-1.167992989,140.6868149,20.33367878,0.342276681,117.7848191,2.4
17023,OF,Magneuris Sierra,4,19.5,-1.7,991,0.048435923,0.192734611,0.251308898,0.286313305,0.32176304,0.365762705,0.687525744,0.079449399,6.393905811,0.350263391,0.900144348,111.5116683,-0.486127092,0.31998501,103.4277844,-0.7
16623,OF,Greg Allen,6,22.5,-0.95,1186,0.111298482,0.116357504,0.956521742,0.283094368,0.392072318,0.39613332,0.788205638,0.113038951,7.443113046,0.316709088,5.718661725,179.1625807,42.37321169,0.371846444,131.1452486,0.9
16578,1B,Yandy Diaz,7,23.5,-3.1,1109,0.134355274,0.140667267,0.955128206,0.313111398,0.405795435,0.422854233,0.828649669,0.109742836,4.420776845,0.357741324,-0.518132307,172.8188699,51.98837836,0.380718562,140.9640703,1.8
16565,OF,Mark Zagunis,7,22.5,-2.2,934,0.141327623,0.175588865,0.804878047,0.27865189,0.39614561,0.437670369,0.833815979,0.159018479,5.44404381,0.329849236,-2.129829543,149.3369546,44.12417122,0.386185836,143.9583123,-0.2
16556,2B,Ozzie Albies,7,18.5,-5.4,1057,0.083254493,0.143803216,0.578947365,0.299133406,0.361915264,0.413338722,0.775253986,0.114205316,7.467736678,0.348205082,2.772575882,146.3535893,27.78056196,0.356305777,121.5211008,9.7
16505,3B,Matt Chapman,7,22.5,-2.2,941,0.11370882,0.267800212,0.424603174,0.242084544,0.332624866,0.5367875,0.869412367,0.294702956,5.602373596,0.270448363,0.241117671,151.5876161,40.33123491,0.374968011,133.9642027,14.1
16472,1B,Rhys Hoskins,6,22.5,-0.95,1156,0.108996539,0.193771626,0.562499998,0.299837759,0.385813148,0.542627256,0.928440404,0.242789498,4.215602461,0.331514568,-0.742668144,212.0793612,81.60395955,0.416686154,162.1151198,6.1
16434,2B,Christian Arroyo,6,20.5,-2.95,926,0.051835853,0.156587473,0.33103448,0.28760063,0.328240948,0.411358374,0.739599322,0.123757744,3.336291336,0.331656264,-0.380098005,114.5785681,2.583338013,0.329348559,106.6461707,-0.2
16424,OF,Jordan Luplow,5,21.5,-0.5,890,0.133707865,0.162921348,0.820689655,0.259391618,0.364673354,0.443474014,0.808147369,0.184082397,5.700670789,0.291385767,1.427580329,134.0452822,32.96990386,0.3716714,130.1132203,2.4
16411,SS,Richard Urena,6,19.5,-3.95,1099,0.040946315,0.175614194,0.233160621,0.279001105,0.309806246,0.421251847,0.731058094,0.142250743,5.664976166,0.319016172,-2.275823406,132.8672383,12.03112749,0.335069422,104.2179468,-0.3
16403,C,Francisco Mejia,5,19.5,-2.5,889,0.074240719,0.158605174,0.468085104,0.292078753,0.353209975,0.42910715,0.782317125,0.137028397,3.449225161,0.32970722,-0.355780898,126.6869923,26.59226966,0.361614219,126.9455395,0.3
16263,1B,Sam Travis,7,21.5,-3.85,749,0.098798398,0.156208277,0.632478635,0.297851655,0.368491322,0.44727094,0.815762261,0.149419285,4.906042662,0.337918342,-1.086174814,111.3091493,30.12588415,0.372364473,135.261051,-0.6
16221,OF,Bradley Zimmer,7,22.5,-2.85,1106,0.119349005,0.273056057,0.437086092,0.26128144,0.366601375,0.435575737,0.802177112,0.174294297,7.483996085,0.352649543,7.584127822,162.6165687,39.67941282,0.369196242,132.016698,1
16219,1B,J.D. Davis,6,22.5,-0.95,1091,0.090742437,0.274977085,0.329999998,0.278473357,0.351970669,0.502270686,0.854241355,0.223797329,3.470975845,0.352773135,-0.748047638,178.2797914,48.40006513,0.375816599,132.4357603,2.2
16192,OF,Derek Fisher,7,21.5,-3.2,1135,0.131277533,0.251982378,0.520979021,0.265014593,0.365638766,0.46530994,0.830948706,0.200295346,7.29213651,0.331271771,6.099712123,177.1580304,42.95366872,0.370146151,129.6629705,-0.5
16153,OF,Austin Slater,7,22.5,-2.85,933,0.086816719,0.193997856,0.447513809,0.299360383,0.362630251,0.438315943,0.800946195,0.13895556,3.236966191,0.357465791,-2.213983811,136.4204698,23.84419693,0.358699542,125.3952798,0.9
15998,OF,Cody Bellinger,7,19.5,-5.2,1021,0.109696376,0.23898139,0.459016392,0.266930963,0.34933554,0.523482467,0.872818007,0.256551504,5.353486774,0.302228041,2.010174936,169.2679908,47.07497829,0.378713758,139.005445,15.3
15983,OF,Clint Frazier,7,20.5,-4.2,1108,0.10469314,0.222924187,0.469635626,0.27513698,0.35730204,0.456628952,0.813930992,0.181491973,5.781925072,0.336318196,0.668068433,164.1892422,41.30316988,0.371562166,133.8854916,0
15982,1B,Ryder Jones,6,21.5,-1.95,945,0.044444444,0.168253968,0.264150943,0.257010145,0.293294248,0.39592045,0.689214698,0.138910305,2.58391096,0.288189438,-0.960927834,99.05038515,-15.41022354,0.306215559,91.64074631,-0.7
15905,C,Luis Torrens,4,20,-1.2,214,0.121495327,0.154205607,0.78787879,0.25,0.350467289,0.336956521,0.68742381,0.086956521,1.820603297,0.293333333,-0.440333878,25.53767028,1.569774086,0.328495018,110.8474082,-1.3
15878,OF,Miguel Andujar,6,20.5,-2.95,1090,0.06238532,0.148623853,0.419753083,0.259059485,0.311009174,0.38760559,0.698614764,0.128546105,4.66453331,0.287727696,0.810184596,122.7019481,5.719761426,0.32558567,105.6424545,3.2
15769,OF,Rafael Bautista,6,22.5,-0.95,883,0.064552661,0.140430351,0.459677415,0.279499269,0.334876904,0.340848803,0.675725708,0.061349535,7.2850279,0.324062494,10.68194622,94.57266079,-5.894676979,0.315848963,94.70893245,-0.4
15730,3B,Tyler Wade,6,20.5,-3.6,1118,0.095706619,0.171735241,0.557291667,0.260625396,0.337511174,0.340918368,0.678429542,0.080292972,6.818959534,0.314857412,2.795515088,122.3169382,-0.386257948,0.320549894,102.0836089,-0.5
15722,SS,Allen Cordoba,2,19.5,0.3,449,0.080178173,0.086859688,0.923076923,0.35170746,0.413812388,0.45710231,0.870914697,0.10539485,8.063362671,0.38217002,3.527778047,82.46761307,28.64370195,0.409933858,152.1564269,-1
15694,C,Chance Sisco,7,20.5,-4.85,881,0.116912599,0.16231555,0.72027972,0.308111904,0.391349835,0.423411149,0.814760984,0.115299245,3.475086549,0.363323515,0.114041204,134.2451678,35.06489257,0.375706893,130.2231501,-0.5
15653,1B,Dominic Smith,6,20.5,-2.95,1039,0.081809432,0.143407122,0.570469798,0.303170043,0.360923965,0.437504142,0.798428107,0.1343341,2.641435685,0.339579341,-0.171994483,148.6223391,35.47112213,0.366224703,130.6485405,-0.4
15644,n/a,Jacob Hannemann,6,24.5,0.4,881,0.071509648,0.207718501,0.344262293,0.245549873,0.311331786,0.388097552,0.699429338,0.142547678,8.027013143,0.299949954,5.679179902,97.48131613,0.23166391,0.325671452,98.04011073,0
15519,2B,Franklin Barreto,7,19.5,-5.2,889,0.057367829,0.181102362,0.316770184,0.291233629,0.338217026,0.453766869,0.791983895,0.162533241,5.95949518,0.334360737,-0.34866833,126.139452,21.4689678,0.349899008,117.0026593,-0.8
15518,2B,Amed Rosario,6,19.5,-4.6,954,0.066037735,0.172955974,0.381818181,0.292068789,0.341620188,0.401024711,0.742644899,0.108955922,6.422984301,0.351595144,1.574959132,120.8889992,18.49959212,0.343546077,115.3809515,2.1
15491,SS,J.P. Crawford,7,20.5,-4.85,1051,0.128449096,0.127497621,1.007462688,0.268255039,0.363611555,0.374649291,0.738260846,0.106394251,5.020007329,0.300871268,0.197529331,133.3756067,19.14275384,0.343528462,112.1843993,1.8
15343,OF,Zack Granite,6,22.5,-0.95,1108,0.085740072,0.101083032,0.848214289,0.280937504,0.348072249,0.356589348,0.704661597,0.075651844,7.609914248,0.3109089,5.875170057,131.7098598,13.97669068,0.333713584,106.8820253,0.2
15279,1B,Garrett Cooper,7,24.5,-0.85,974,0.073921971,0.169404517,0.436363636,0.301596934,0.36075589,0.438186793,0.798942683,0.136589859,2.808357426,0.352250962,-1.347065592,141.2450732,36.17205976,0.370725821,133.5228922,1.7
15274,OF,Mike Tauchman,7,24.5,-0.85,1090,0.078899082,0.133944953,0.589041094,0.28992689,0.347536822,0.376396799,0.723933621,0.086469908,6.375900367,0.334940935,-0.096879871,130.6422468,2.604184835,0.329866951,95.3475322,2.4
15207,n/a,Stuart Turner,6,23.5,-0.6,749,0.106809078,0.188251001,0.567375886,0.231090552,0.322192914,0.334236494,0.656429409,0.103145943,3.667127331,0.276711444,-0.365257591,76.08184655,-6.562709169,0.313105798,85.50789989,-0.9
15161,C,Mitch Garver,7,24.5,-0.2,1011,0.117705242,0.186943619,0.629629628,0.256839051,0.349159248,0.37583342,0.724992667,0.118994369,2.266925135,0.306642855,-1.757158911,125.7540596,19.67333404,0.34262158,114.6665017,4
15124,OF,Tim Locastro,6,22.5,-0.95,1060,0.05471698,0.114150943,0.47933884,0.281102137,0.357105523,0.386779599,0.743885122,0.105677462,7.595082262,0.309146759,4.161665139,142.6725255,14.72169009,0.343462185,110.8061454,0.9
15112,3B,Ryan McMahon,6,20.5,-2.95,1091,0.095325389,0.287809349,0.33121019,0.272003623,0.3491985,0.460816177,0.810014677,0.188812554,5.091017086,0.369806713,-4.589171219,162.366896,29.56620936,0.359187228,125.8778694,0.6
15103,OF,Boog Powell,7,22.5,-4.1,799,0.103879849,0.151439299,0.685950411,0.286418261,0.364688036,0.380444086,0.745132123,0.094025825,6.105964593,0.336815752,-2.954774861,101.9004188,10.26309287,0.346648061,111.1718245,0.4
15082,OF,Adam Engel,7,23.5,-1.2,1190,0.099159664,0.221008403,0.448669201,0.255039746,0.339279412,0.386844127,0.726123539,0.131804381,8.970724571,0.328147743,11.37707627,147.3063031,17.47985643,0.339261633,108.531547,1.9
14968,C,Victor Caratini,6,21.5,-1.95,933,0.11039657,0.16613076,0.664516131,0.274625586,0.359056806,0.388910164,0.747966969,0.114284577,2.460331325,0.322773805,-0.910001559,122.0567498,20.46614985,0.349332989,120.2385306,1.1
14950,SS,Johan Camargo,6,21.5,-1.95,940,0.057446808,0.14468085,0.397058823,0.262754067,0.308998152,0.357961483,0.666959635,0.095207416,4.571126398,0.305967859,-1.317618063,96.05858193,-6.299245064,0.310324038,95.48831189,4.2
14942,C,Andrew Knapp,7,23.5,-1.85,965,0.091191709,0.220725388,0.413145538,0.288418035,0.359585492,0.444584636,0.804170128,0.156166601,3.556622415,0.359122444,-0.999496165,138.9620621,36.88627361,0.367627557,131.9226985,-0.5
14936,OF,Jaycob Brugman,7,23.5,-1.85,1175,0.097021276,0.178723404,0.542857142,0.273191301,0.344976203,0.411183129,0.756159332,0.137991828,5.244154954,0.32364862,-2.351049404,152.0842503,12.39957901,0.34143627,107.3269665,-0.2
14876,OF,Jacob May,7,23.5,-1.85,770,0.058441558,0.192207792,0.30405405,0.270616719,0.319811467,0.341181631,0.660993098,0.070564912,6.146601151,0.337637042,1.376687333,75.69444655,-8.732837403,0.308849611,85.15307147,-0.6
14813,2B,Kyle Farmer,6,24.5,0.4,802,0.064837905,0.155860349,0.415999999,0.281033598,0.335411471,0.426487052,0.761898523,0.145453454,5.037127651,0.32306507,-0.075110637,105.2477464,11.52863937,0.339870397,111.1219957,0.2
14811,1B,Luke Voit,6,24.5,1.05,1086,0.105893186,0.172191528,0.61497326,0.284770054,0.365893117,0.441170209,0.807063326,0.156400156,3.619549438,0.322974863,-0.555285902,160.7794943,45.72160502,0.370896525,140.0549855,3.2
14738,OF,Phillip Ervin,6,22.5,-1.6,1046,0.125239006,0.177820267,0.704301077,0.239989909,0.354059556,0.388646899,0.742706455,0.148656989,6.09546941,0.272308767,5.687985912,138.003984,27.38103396,0.353248153,121.4361307,1.1
14735,OF,Brett Phillips,6,21.5,-2.6,1082,0.1025878,0.25323475,0.405109489,0.270739879,0.354119669,0.464660527,0.818780196,0.193920648,6.623946655,0.345820927,-1.265519321,164.6098124,39.402145,0.369292773,126.9355025,1.5
14678,OF,Tzu-Wei Lin,6,21.5,-2.6,912,0.078947368,0.125,0.631578944,0.238490542,0.298237172,0.312338299,0.610575472,0.073847757,6.283595147,0.270886222,1.155688219,76.46429692,-25.71312732,0.285907536,72.43403342,0.1
14567,OF,Franchy Cordero,7,20.5,-3.4,1126,0.062166962,0.244227353,0.254545454,0.268289248,0.320128201,0.383048439,0.70317664,0.114759191,6.080932131,0.350692053,-1.121497607,129.3341035,-2.253315826,0.319434284,98.99996453,0.9
14551,OF,Anthony Santander,5,20.5,-1.5,885,0.085875706,0.202259886,0.424581005,0.291372902,0.363127952,0.500516874,0.863644825,0.209143972,3.975448415,0.33572778,-0.800878513,146.1391498,42.48845656,0.390313607,141.1113189,0.2
14352,OF,Lewis Brinson,7,21.5,-5.1,890,0.073033707,0.207865168,0.35135135,0.300846541,0.355180918,0.535879319,0.891060236,0.235032777,7.264478198,0.350173646,1.420737842,153.3272315,47.0433255,0.38771982,133.4276071,-2.9
14330,OF,Nick Williams,7,21.5,-3.85,1042,0.051823416,0.223608445,0.231759655,0.280088938,0.32019305,0.458174504,0.778367553,0.178085566,6.125176487,0.337694204,-1.546259895,136.8822036,21.60836992,0.348054548,112.7798947,-0.3
14329,OF,Anthony Alford,5,20.5,-2.3,888,0.135135135,0.254504504,0.530973453,0.269898659,0.373873873,0.401561694,0.775435567,0.131663036,7.215695913,0.363138278,3.794567731,126.9473256,31.49187197,0.367511173,127.1334247,-0.2
14113,n/a,Ramon Torres,7,22.5,-2.85,1022,0.059686888,0.13111546,0.455223879,0.263329975,0.309364912,0.341211153,0.650576065,0.077881178,5.227895125,0.300127968,-1.544918205,98.4020666,-20.00633902,0.299906966,83.59516386,0.1
13877,n/a,Alex D. Mejia,7,24.5,-2.1,614,0.070032573,0.133550488,0.524390242,0.256170538,0.314075793,0.350791248,0.66486704,0.09462071,4.134382663,0.288973603,-0.040952582,60.75935125,-12.05457302,0.302039641,84.24093945,-0.4
13755,C,Tomas Nido,5,21.5,-0.5,705,0.043971631,0.181560283,0.242187499,0.290737737,0.322389263,0.417932164,0.740321427,0.127194427,3.039455388,0.338492529,-0.862351067,88.51530181,8.745508281,0.339640321,114.0001918,-0.7
13718,n/a,Christopher Bostick,7,22.5,-2.85,1120,0.064285714,0.200892857,0.319999999,0.254404481,0.312667974,0.392458726,0.7051267,0.138054245,6.588164634,0.306414495,0.939225585,125.1566922,1.591125692,0.321976787,101.0802308,0.2
13590,OF,Jesse Winker,7,21.5,-3.85,989,0.136501516,0.147623862,0.924657536,0.294208318,0.395348837,0.41872134,0.814070176,0.124513022,2.517879703,0.334753807,-0.538679075,146.6258922,38.29045378,0.375277441,132.2773784,2.9
13473,OF,Dwight Smith Jr.,6,22.5,-1.6,1039,0.088546679,0.149181905,0.593548388,0.265306352,0.333334589,0.405015687,0.738350275,0.139709335,4.571987143,0.295323969,-0.826576437,128.2821025,11.18528995,0.336581055,104.0352506,-0.3
13444,OF,Cameron Perkins,7,24.5,-0.85,851,0.054054054,0.13160987,0.410714284,0.27217771,0.317926858,0.415199418,0.733126277,0.143021708,5.075835362,0.29488858,1.397733474,100.9695075,9.054901826,0.331535345,104.704849,-0.8
13324,2B,Ildemaro Vargas,7,23.5,-0.4,963,0.082035306,0.057113187,1.436363649,0.311407802,0.370142368,0.414953271,0.785095639,0.103545469,5.585042877,0.320847663,2.731564988,138.5065546,28.47781055,0.362099762,120.9270697,0.4
13267,n/a,Nolan Fontana,7,24.5,-2.1,907,0.125689085,0.233737596,0.537735848,0.221870461,0.325692561,0.315610541,0.641303102,0.09374008,4.162022527,0.294656718,-4.288538328,85.78744512,-26.99722026,0.298565804,79.16653913,0
13157,OF,Nicky Delmonico,7,22.5,-2.85,729,0.093278463,0.223593964,0.417177913,0.268203681,0.337047784,0.460427038,0.797474822,0.192223357,3.843980499,0.324782979,0.253398206,101.4219361,21.81316252,0.362209901,122.3141728,0
12981,C,Cam Gallagher,6,22.5,-0.95,636,0.102201258,0.135220125,0.755813954,0.252717489,0.33641802,0.361007428,0.697425448,0.10828994,1.642412061,0.283313988,-0.658865871,72.97091167,3.245394903,0.323243187,105.4912366,0.9
12956,OF,Willy Garcia,7,22.5,-4.1,1014,0.053254438,0.250493096,0.212598424,0.260034303,0.3039808,0.399041796,0.703022597,0.139007493,4.44677228,0.332776834,-4.373410898,108.8038661,0.367043855,0.318479913,103.2950761,0
12950,OF,Phillip Evans,6,22.5,-0.95,699,0.068669527,0.153075822,0.448598128,0.286402944,0.33957944,0.401405443,0.740984883,0.115002499,2.768097716,0.331861165,-0.618033308,88.98977605,12.30196839,0.341973047,113.5912708,0.1
12937,OF,Jose Osuna,7,22.5,-2.85,1059,0.063267233,0.164305949,0.385057468,0.282470455,0.329866874,0.44537334,0.775240214,0.162902884,4.149110974,0.317650121,-1.288788282,139.660857,24.17321381,0.349952364,121.3151985,-0.7
12758,3B,Breyvic Valera,7,23.5,-1.85,912,0.093201754,0.075657894,1.231884056,0.27679462,0.342609083,0.338812561,0.681421644,0.062017941,3.740100377,0.295304254,-2.753275571,99.47559615,-6.935192761,0.315741163,92.81402079,-0.3
12490,n/a,Tyler Smith,7,23.5,-1.85,941,0.086078639,0.162592986,0.529411764,0.269527784,0.337834496,0.355628142,0.693462638,0.086100358,3.559572544,0.320481207,0.418323235,103.4177001,-7.598759302,0.322751167,94.40952939,0
12244,1B,Brock Stassi,7,25.5,0.15,996,0.1375502,0.139558232,0.98561151,0.285446219,0.38253012,0.455479474,0.838009594,0.170033255,2.496866933,0.30889378,-1.13130529,153.448891,45.69252278,0.378723026,136.7972105,-0.1
12174,OF,Jorge Bonifacio,7,22.5,-2.85,1094,0.08500914,0.234003656,0.363281248,0.258834681,0.328481469,0.438824572,0.767306041,0.179989891,4.597344445,0.313542588,-0.42772269,143.3668965,10.86147255,0.342925432,105.612752,0.2
12092,OF,Niko Goodrum,6,23.5,-0.6,711,0.11673699,0.23769339,0.491124258,0.246132207,0.337552742,0.398812314,0.736365056,0.152680107,6.901207808,0.312324128,3.072601968,88.4201655,12.14777034,0.343787558,110.6439669,4.3
11935,n/a,Travis Taijeron,7,26.5,-0.1,1019,0.129538763,0.307163885,0.421725238,0.274323046,0.38174681,0.523029776,0.904776586,0.24870673,4.143032658,0.374437911,-2.029899372,178.2612606,50.71792115,0.395379801,131.0724794,-0.3
11905,n/a,Orlando Calixte,7,23.5,-3.1,913,0.070098576,0.200438116,0.349726774,0.254434873,0.308246221,0.385254836,0.693501057,0.130819963,6.395329254,0.304014159,2.818283298,95.10732382,-16.87661414,0.309672411,82.9873392,-0.7
11761,OF,Drew Robinson,7,23.5,-3.1,1086,0.140883978,0.267955801,0.525773196,0.2459818,0.356411439,0.464996207,0.821407646,0.219014407,6.486637132,0.313744129,0.10900162,162.434767,30.81965989,0.366553956,122.2725827,-0.3
11738,3B,Christian Villanueva,7,24,-2.6,536,0.072761194,0.158582089,0.458823531,0.256784968,0.313909774,0.438413361,0.752323135,0.181628393,2.747263334,0.268929503,-1.153347969,64.35061797,-1.84207309,0.331619928,98.55865039,2.2
11338,2B,Adrian Sanchez,7,24.5,-0.85,655,0.047328244,0.117557251,0.4025974,0.261976636,0.30142309,0.346034124,0.647457214,0.084057487,5.096298186,0.293730763,1.155502244,60.06590084,-13.51579188,0.296139178,82.41752603,-0.1
10619,C,David Freitas,7,26.5,-0.1,656,0.06859756,0.158536585,0.432692305,0.271478576,0.326745906,0.414819197,0.741565103,0.143340621,3.221781793,0.306585715,0.500548987,81.87589328,8.620208586,0.338562486,108.1911493,-0.2
10340,2B,Gift Ngoepe,7,25.5,-1.1,724,0.084254143,0.291436464,0.289099525,0.236483483,0.310404654,0.353661762,0.664066416,0.11717828,4.128071535,0.334314683,-2.308515718,71.88844812,-6.020518565,0.30653108,94.37649235,-0.6
7511,n/a,Carlos Moncrief,7,26.5,1.15,649,0.144838212,0.192604005,0.752000002,0.238335584,0.354590574,0.380638284,0.735228858,0.142302699,5.013423635,0.280064568,1.61057306,81.97726409,10.39846337,0.342434174,113.6545806,-0.3
7216,OF,Cesar Puello,7,25,-1.6,289,0.121107266,0.193771626,0.624999999,0.282608695,0.412587412,0.404347826,0.816935238,0.121739131,5.14530779,0.348837209,2.257521988,44.15507021,13.33667116,0.378289207,142.9627162,0.6
7077,C,A.J. Jimenez,7,25.5,-1.1,367,0.059945503,0.138964578,0.431372545,0.226058447,0.28065395,0.344957534,0.625611484,0.118899087,3.734045176,0.252472519,0.022795027,30.42829667,-8.659066259,0.286096826,78.25549922,-0.3
5517,C,Kyle Higashioka,7,25.5,-1.1,764,0.078534031,0.164921466,0.476190472,0.263980472,0.319371727,0.445434701,0.764806428,0.181454229,1.789145043,0.284952967,-0.986253623,98.87950861,16.82916757,0.347099034,120.4805885,0.7
5398,n/a,Juan Graterol,7,26.5,-0.1,348,0.043103448,0.114942528,0.374999996,0.269767614,0.309426229,0.334858726,0.644284955,0.065091112,2.481954327,0.296840465,-0.189397784,32.52598813,-9.465835599,0.294592805,70.99971204,0
2852,1B,Chris Marrero,7,26.5,-0.1,826,0.07748184,0.168280871,0.460431653,0.279344085,0.334140436,0.46860331,0.802743746,0.189259225,1.830663582,0.304534599,-0.532486197,113.3444646,25.34637264,0.359364569,130.1466274,-0.4
19198,1B,Yuli Gurriel,0,0,0,0,0,0,0,0,0,0,0,0,0,0,0,0,0,0,0,4.2
18722,1B,Dae-Ho Lee,0,0,0,0,0,0,0,0,0,0,0,0,0,0,0,0,0,0,0,-0.1
18721,OF,Guillermo Heredia,0,0,0,0,0,0,0,0,0,0,0,0,0,0,0,0,0,0,0,2.2
18718,OF,Hyun Soo Kim,0,0,0,0,0,0,0,0,0,0,0,0,0,0,0,0,0,0,0,0.7
18497,1B,Byung Ho Park,0,0,0,0,0,0,0,0,0,0,0,0,0,0,0,0,0,0,0,0
18314,SS,Dansby Swanson,3,21,0.5,99,0.141414141,0.141414141,1,0.289156626,0.393939393,0.48192771,0.875867103,0.192771084,5.058397678,0.333333333,-0.159888614,17.23389901,5.379640303,0.398794041,151.3547047,2.2
17901,OF,Andrew Benintendi,4,20,-1.2,239,0.146443514,0.10041841,1.458333328,0.313131313,0.415966386,0.555555555,0.971521941,0.242424242,6.724104132,0.307228915,0.70314565,48.49449173,21.17927413,0.44095918,171.1525722,6.9
17678,3B,Alex Bregman,5,21,-1.8,311,0.093247588,0.096463022,0.966666667,0.294117647,0.365695792,0.415441176,0.781136968,0.121323529,6.214887141,0.314049586,0.049045303,44.70045363,7.161271477,0.351938896,112.2408095,13.9
17232,3B,Yoan Moncada,4,20,-1.2,363,0.115702479,0.228650137,0.506024097,0.277777777,0.379501385,0.437908496,0.817409881,0.160130719,8.908613444,0.353211009,8.317517093,57.68997423,14.92841833,0.377928502,132.7840715,1.8
17005,2B,Gavin Cecchini,6,20.5,-3.6,1019,0.097154073,0.134445534,0.72262774,0.280303666,0.351647036,0.408679241,0.760326277,0.128375575,5.043684042,0.31217231,-0.892735778,136.6142736,20.90369784,0.34961901,119.8348838,-0.3
16909,1B,Colin Moran,6,21.5,-2.6,932,0.085836909,0.166309012,0.51612903,0.300469792,0.360515021,0.425003521,0.785518543,0.124533729,2.100978429,0.349478083,-1.316383021,130.3917551,23.89051607,0.358198175,123.6368935,0.4
16246,DH,AJ Reed,6,21.5,-1.15,907,0.127894156,0.194046306,0.659090906,0.32425988,0.414553473,0.583648064,0.998201537,0.259388184,3.630525188,0.365802406,0.296331916,190.4762168,81.51250684,0.436907033,168.3315876,-0.9
15937,SS,Aledmys Diaz,7,23.5,-1.85,646,0.068111454,0.156346749,0.435643561,0.276440295,0.334846202,0.443677299,0.7785235,0.167237004,4.34321205,0.306529474,-1.042996841,87.71948328,13.07359581,0.351928593,114.7258001,5
15640,OF,Aaron Judge,7,22.5,-2.2,1103,0.1287398,0.249320036,0.516363637,0.282344497,0.375339981,0.467290239,0.84263022,0.184945742,3.970561367,0.356745535,0.223277438,176.2279284,52.08330695,0.384456674,143.5811236,13.7
15564,1B,Tyler White,7,23.5,-1.2,971,0.151390319,0.144181256,1.050000001,0.308113491,0.426364572,0.49873264,0.925097212,0.190619148,2.505685887,0.340367864,-1.15783267,185.1029276,66.91927929,0.415890254,155.0206695,1.8
15464,OF,Hunter Renfroe,7,22.5,-2.85,1125,0.079999999,0.236444444,0.338345862,0.269453629,0.331555555,0.466012645,0.797568201,0.196559017,4.722574427,0.323063214,0.596110349,156.9762006,21.32619316,0.351836012,119.251722,3
15447,1B,Ryon Healy,6,22.5,-0.95,1143,0.050743656,0.140857392,0.360248443,0.293076902,0.328381,0.426965677,0.755346677,0.133888775,2.22099117,0.321608302,-0.766818054,144.4909796,1.228941999,0.33571201,99.38958274,1.7
15223,2B,Adam Frazier,6,22.5,-0.95,963,0.073727933,0.106957424,0.689320387,0.283471965,0.340912999,0.356163828,0.697076827,0.072691863,5.10565039,0.317946451,-1.118368642,110.458521,2.900611589,0.325390967,100.9307247,2.8
15197,2B,Carlos Asuaje,6,22.5,-0.95,1129,0.101860053,0.157661647,0.646067419,0.280168995,0.363264518,0.45275787,0.816022388,0.172588876,5.497140496,0.319731431,-2.406361301,171.8177669,42.1668066,0.370862434,128.3349129,-0.1
15191,OF,Chad Pinder,6,22.5,-0.95,958,0.052192066,0.210855949,0.24752475,0.303490649,0.349456834,0.487493012,0.836949846,0.184002363,5.039305944,0.363572642,-2.804448039,147.1002536,28.21796164,0.36968517,121.6709995,1.9
15172,SS,Tim Anderson,6,21.5,-2.6,912,0.03618421,0.214912281,0.168367344,0.30774627,0.340708483,0.44961311,0.790321593,0.14186684,8.111623919,0.383348372,4.119704155,127.2046665,23.06125006,0.361270197,120.0341025,5.8
15149,1B,Trey Mancini,6,22.5,-0.95,1157,0.050993949,0.162489196,0.313829785,0.31216147,0.350043215,0.484847431,0.834890646,0.172685961,3.988507458,0.351220647,-1.28355106,179.4184966,46.94076437,0.377178137,133.7364966,2.3
15119,n/a,Jordan Patterson,6,22.5,-0.15,1073,0.07082945,0.231127679,0.306451612,0.287718043,0.361748269,0.487220279,0.848968549,0.199502236,6.23726493,0.356469353,0.69233851,175.7764339,45.96046376,0.379524341,128.6910675,0
15117,3B,Hunter Dozier,6,22.5,-1.6,1057,0.105014191,0.262062441,0.400722021,0.232061764,0.315988646,0.359336239,0.675324885,0.127274475,4.047650621,0.305052103,-0.366357195,111.9712359,-9.910029881,0.312839362,91.35368628,-1
14894,2B,Tony Kemp,7,22.5,-2.85,1172,0.110068259,0.112627986,0.977272724,0.312549705,0.399962938,0.419742061,0.819704999,0.107192356,7.17403267,0.348876717,3.220739157,183.7981817,40.33668709,0.374820373,125.2644168,0.4
14885,2B,Pat Valaika,6,21.5,-1.95,1018,0.060903733,0.240667976,0.253061224,0.266643778,0.311822189,0.410224171,0.72204636,0.143580393,6.616142757,0.338757385,1.141982444,118.6778866,-3.256204823,0.322583838,95.68277453,-0.7
14818,OF,JaCoby Jones,6,22.5,-0.15,1095,0.074885844,0.271232876,0.276094275,0.27109655,0.333634981,0.455561819,0.7891968,0.18446527,6.185673791,0.343566038,1.420453404,155.6663504,33.32621304,0.360794103,125.0469873,-0.4
14712,OF,Manuel Margot,6,19.5,-3.95,949,0.074815595,0.110642782,0.676190474,0.284141921,0.339754007,0.4402717,0.780025706,0.156129779,8.061129654,0.304392839,4.309758554,132.111985,23.03623941,0.354857582,118.2804956,3.7
14556,2B,Max Moroff,6,21.5,-1.95,1146,0.108202443,0.209424083,0.516666664,0.269975383,0.350901206,0.377162643,0.72806385,0.10718726,5.725461944,0.345033313,-3.647199823,142.1851933,14.62643584,0.33777251,109.5607924,0.2
14553,OF,Nomar Mazara,7,19.5,-5.85,1116,0.105734767,0.199820788,0.529147981,0.28356995,0.363799283,0.460559006,0.824358288,0.176989056,3.557332367,0.329448509,-0.871738125,171.1405703,39.00280232,0.372802733,125.4479038,1.4
14503,1B,Renato Nunez,6,20.5,-2.95,979,0.063329928,0.182839632,0.346368713,0.278654101,0.334357813,0.501238806,0.835596619,0.222584705,3.3867757,0.298863113,0.37752193,148.2032375,24.62183566,0.364789083,118.3507287,-0.1
14350,OF,Raimel Tapia,5,20.5,-1.5,1132,0.052120141,0.172261484,0.302564099,0.315268196,0.356349586,0.46039362,0.816743206,0.145125424,6.540954144,0.365912732,0.309772131,172.468774,31.56237729,0.362212268,117.6071737,0.1
14344,1B,Matt Olson,6,20.5,-2.95,1219,0.182116488,0.226415094,0.804347825,0.255579987,0.396226415,0.492482861,0.888709276,0.236902874,3.147884668,0.298662335,0.578715215,213.2240171,60.54130915,0.393332124,136.9027865,4.8
14282,OF,Jason Coats,7,24.5,-0.85,1131,0.060123784,0.15296198,0.393063585,0.281794598,0.329194808,0.456117114,0.785311923,0.174322516,4.134007119,0.308332321,-0.309708307,153.8012106,27.41658122,0.35531204,115.2774286,0.1
14274,OF,Mitch Haniger,6,23.5,-0.6,717,0.078103208,0.170153417,0.459016394,0.287313731,0.348183569,0.474151585,0.822335153,0.186837853,5.833328203,0.316330783,0.665363412,107.0760779,22.36815072,0.365270039,121.8908808,7.5
14140,DH,Jose Rondon,6,20.5,-2.95,859,0.065192083,0.146682188,0.444444444,0.294405328,0.34453982,0.384375129,0.728914949,0.089969801,6.292756917,0.345812577,-1.317207776,108.4974613,-2.801446335,0.328349858,103.5624133,-0.3
14130,DH,Daniel Vogelbach,6,21.5,-1.95,890,0.144943819,0.171910112,0.843137251,0.271939845,0.378651685,0.431129744,0.809781429,0.159189899,2.861980372,0.31159676,-1.291882284,134.4370991,33.96194359,0.376717131,132.2914755,-0.5
14109,OF,Albert Almora Jr.,6,20.5,-3.6,981,0.046890927,0.118246686,0.396551724,0.270569641,0.307475136,0.395541669,0.703016806,0.124972029,5.582098418,0.292890617,-0.615458492,106.9614331,-3.568384886,0.322095855,94.97278473,3.7
14103,2B,Rio Ruiz,6,20.5,-2.95,1091,0.132905591,0.169569202,0.783783783,0.266055606,0.362969752,0.385740473,0.748710225,0.119684867,2.797230195,0.313861099,-1.516763524,145.4363067,10.39255241,0.345048868,101.6388877,-0.6
13910,DH,Patrick Kivlehan,7,24.5,-0.85,1106,0.08318264,0.201627486,0.412556053,0.276793321,0.339387759,0.481755198,0.821142957,0.204961878,5.49020819,0.313684244,1.792394548,159.7108478,25.0739702,0.361406876,117.924145,-0.4
13866,C,Bruce Maxwell,6,23.5,-0.6,809,0.11001236,0.177997527,0.618055553,0.24298021,0.327961746,0.321729168,0.649690914,0.078748958,1.648481481,0.293266396,-1.548337187,81.63204016,-17.68673813,0.302792983,77.86065238,0.4
13853,2B,Joey Wendle,7,24.5,-0.85,1014,0.051282051,0.171597633,0.298850572,0.280029931,0.324077917,0.435161402,0.759239319,0.155131471,6.302850108,0.324488002,0.825213658,127.3732522,3.933956486,0.337028955,107.7087682,4.2
13769,SS,Adalberto Mondesi,6,18.5,-4.95,810,0.050617283,0.259259259,0.195238093,0.224816793,0.265927676,0.361403714,0.627331389,0.13658692,7.916418175,0.291418401,2.559816552,68.5423592,-26.47457241,0.284113914,74.19317108,2.1
13744,OF,David Dahl,6,20.5,-2.95,873,0.044673539,0.198167239,0.225433524,0.286578858,0.318687015,0.456804885,0.7754919,0.170226027,7.706374145,0.341259835,3.505354414,118.211979,14.36868863,0.347474934,106.4048151,2.2
13723,C,Jacob Stallings,6,24.5,1.05,541,0.07948244,0.214417745,0.370689655,0.259406061,0.321575879,0.360258779,0.681834658,0.100852718,2.887664811,0.320319632,-0.304327636,58.25488799,-1.950169733,0.31578628,94.74213616,0.1
13621,3B,Jeimer Candelario,6,20.5,-2.95,1032,0.080426357,0.166666666,0.48255814,0.250601456,0.313953488,0.405182553,0.719136041,0.154581098,3.452238159,0.284956879,-2.450583197,122.7658839,6.948074192,0.331505891,105.5966755,2.4
13620,C,Carson Kelly,5,19.5,-2.5,834,0.070743405,0.14148681,0.499999998,0.233150877,0.294129659,0.348921975,0.643051634,0.115771098,2.658315576,0.256290336,-0.095746689,82.68061333,-8.082632325,0.302028868,95.7878611,-1
13608,OF,Mallex Smith,7,21.5,-3.2,1112,0.107913669,0.169064748,0.63829787,0.308061113,0.388164522,0.409442086,0.797606608,0.101380973,8.540340826,0.375369456,12.33334122,166.0263281,36.56463098,0.368358921,128.6789561,4.4
13546,OF,Roman Quinn,6,21.5,-1.95,639,0.084507042,0.190923317,0.442622949,0.276649925,0.348279359,0.396299378,0.744578737,0.119649453,7.878483037,0.333528089,3.4152042,83.01177513,11.54596407,0.345564604,114.0548646,1
13443,n/a,Tony Renda,6,23.5,0.05,1004,0.08565737,0.097609561,0.877551016,0.286620787,0.354243404,0.367020324,0.721263728,0.080399537,6.331963539,0.316899621,3.324952534,124.8032852,10.77362251,0.335361281,110.7524945,-0.3
13414,OF,Andrew Toles,5,22,-0.8,243,0.049382716,0.152263374,0.324324325,0.264573991,0.304166666,0.340807174,0.64497384,0.076233183,7.565552943,0.308510638,0.756177,23.31239812,-4.396321769,0.300480877,83.92981151,1.6
13369,SS,Erik Gonzalez,7,22.5,-2.85,1060,0.052830189,0.180188679,0.293193718,0.279016709,0.318686805,0.397679206,0.716366011,0.118662496,7.009240325,0.333258337,1.533772293,122.928944,3.951266554,0.32627142,101.5564507,0.3
13359,OF,Tyler Naquin,7,23.5,-1.85,719,0.09596662,0.200278164,0.479166665,0.305767599,0.376237257,0.435982336,0.812219594,0.130214738,6.264088748,0.375804048,2.609314479,105.7443887,25.3206334,0.368943331,129.9653025,1.2
13338,C,Omar Narvaez,5,22.5,-0.3,701,0.108416547,0.089871611,1.206349206,0.27898293,0.357655694,0.328745929,0.686401623,0.049762998,2.116652256,0.300836181,-0.838310997,81.47096124,1.881212109,0.325940732,98.72949653,1.9
13300,C,Spencer Kieboom,5,23.5,1.5,646,0.088235294,0.150154798,0.587628867,0.28212469,0.348297214,0.431850789,0.780148003,0.149726099,3.744998782,0.320393413,-1.143174847,91.23705929,16.50766086,0.357240192,122.3437861,0.1
13277,OF,Joey Rickard,7,23.5,-1.85,727,0.133425034,0.158184319,0.84347826,0.294210247,0.396428267,0.395716961,0.792145228,0.101506714,6.23948379,0.352653786,2.081588625,105.4215871,25.23636806,0.372309493,128.8146355,1.8
13185,SS,Orlando Arcia,6,19.5,-3.95,1098,0.06557377,0.12568306,0.521739128,0.297946396,0.346471343,0.422513826,0.768985169,0.12456743,6.663401729,0.334498144,3.350740309,147.0312061,23.56658856,0.355286487,120.9688167,2.3
13180,OF,Tyler Goeddel,6,21.5,-1.95,1012,0.092885375,0.193675889,0.479591836,0.274241029,0.349159707,0.421388602,0.770548309,0.147147573,6.836512414,0.330496771,2.163243832,136.3660867,22.62085209,0.356584148,117.9790674,-1
13154,2B,Marco Hernandez,7,21.5,-3.2,970,0.048453608,0.183505154,0.264044942,0.287152686,0.322542712,0.402413571,0.724956283,0.115260885,6.24507871,0.343645341,1.094992766,114.0439968,6.676090427,0.330600351,105.7833198,-0.2
13145,1B,Josh Bell,7,21.5,-3.85,1037,0.094503374,0.115718418,0.816666665,0.320440722,0.384832697,0.451644152,0.836476848,0.13120343,5.120485472,0.350529231,-0.406871942,160.7313709,45.57812378,0.379973604,138.7116018,2.3
13066,OF,Teoscar Hernandez,6,21.5,-2.6,1067,0.078725398,0.261480787,0.301075267,0.256999704,0.320100367,0.451507511,0.771607877,0.194507807,7.750284371,0.323749467,6.083593982,141.1775183,9.798363091,0.340937734,101.094126,1.2
12983,OF,Charlie Tilson,6,21.5,-2.6,1141,0.066608238,0.154250657,0.431818179,0.292023619,0.342451115,0.388350969,0.730802084,0.096327351,7.036766605,0.341794186,-0.802773917,140.0557906,9.447942774,0.335919908,105.7047843,-0.5
12957,n/a,Steve Selsky,7,24.5,-2.1,552,0.124999999,0.240942029,0.518796989,0.290413279,0.387681159,0.381886512,0.769567671,0.091473233,3.544130452,0.390782858,-1.377701838,75.56714293,13.9765773,0.358494888,120.3591795,0.2
12927,OF,Brandon Nimmo,7,21.5,-3.85,992,0.135080645,0.184475806,0.732240434,0.274104529,0.379826381,0.402593797,0.782420178,0.128489268,5.859024746,0.334134244,-0.674958792,142.19583,28.90962663,0.361884591,124.448357,6.3
12926,2B,Alen Hanson,7,21.5,-3.85,1056,0.064393939,0.169507576,0.379888267,0.271604413,0.319474587,0.414586919,0.734061506,0.142982506,7.611667132,0.315964262,2.288415117,124.6392754,7.132480025,0.331570249,107.4136363,0
12858,OF,Brian Goodwin,7,23.5,-1.85,801,0.109862671,0.234706616,0.468085104,0.223179034,0.311318544,0.335455338,0.646773882,0.112276304,5.826006418,0.289878136,-0.377133916,77.10347651,-12.69787973,0.30145034,85.60799059,0.9
12825,n/a,Joel De La Cruz,0,0,0,0,0,0,0,0,0,0,0,0,0,0,0,0,0,0,0,0
12564,SS,Trevor Story,7,21.5,-3.85,1039,0.107795957,0.274302213,0.392982454,0.272950875,0.358742241,0.497409125,0.856151366,0.224458249,7.663165481,0.361610439,5.327877893,166.3967839,42.82528145,0.379180305,130.4437296,10.1
12495,3B,T.J. Rivera,7,25.5,0.15,925,0.047567567,0.12,0.396396394,0.337757493,0.377004293,0.44741084,0.824415133,0.109653347,3.040755474,0.374033405,-0.323613105,141.1643672,34.27078935,0.373905215,130.5779858,1.3
12399,2B,Taylor Motter,7,24.5,-0.85,1063,0.085606773,0.156161806,0.548192768,0.283992514,0.347437598,0.454857487,0.802295085,0.170864972,5.220257214,0.311623808,1.685330131,148.3181291,31.64288875,0.363200694,123.1988416,-1.2
12284,C,Kevan Smith,7,26.5,1.15,810,0.092592592,0.165432098,0.55970149,0.276984204,0.355221163,0.407107567,0.76232873,0.130123364,2.909711655,0.319651824,-1.073924362,106.0537553,16.57795504,0.350214376,112.7252615,1.3
12180,DH,Jorge Alfaro,6,21.5,-2.6,749,0.050734312,0.24566088,0.206521738,0.260297397,0.323097463,0.439707881,0.762805344,0.179410484,5.254333533,0.324886456,-1.42374756,99.35538346,12.01068757,0.346429967,112.105497,2.9
12160,OF,Ben Gamel,7,22.5,-2.85,1137,0.072119613,0.172383465,0.418367346,0.279914894,0.332159959,0.404006234,0.736166193,0.12409134,5.700689123,0.334109266,0.47558465,135.3566148,8.623114178,0.334484431,110.0140368,1.5
11850,OF,Tyler Austin,7,22.5,-2.85,822,0.08515815,0.215328466,0.395480225,0.258961069,0.326417401,0.383556743,0.709974144,0.124595674,5.150236633,0.318584954,0.316672974,94.07248301,1.962474456,0.325523982,103.5393877,0.4
11609,C,Willson Contreras,6,22.5,-0.95,838,0.10143198,0.15274463,0.664062499,0.298324444,0.377469714,0.433130943,0.810600657,0.134806499,4.11274175,0.342144441,-2.068410999,125.4451387,31.4182866,0.377527072,130.9271709,5.8
11470,DH,Tony Wolters,6,22.5,-1.6,658,0.085106382,0.208206686,0.408759122,0.232767228,0.307323536,0.300007187,0.607330722,0.067239959,3.959206922,0.293957137,-0.591715688,55.69132482,-19.25389939,0.284358844,74.92718075,2.6
11446,n/a,Rob Segedin,7,25.5,-1.1,763,0.10747051,0.163826998,0.655999999,0.26762122,0.360891774,0.400729729,0.761621504,0.133108509,3.001167004,0.305089424,-0.028031043,102.0729195,15.73206611,0.350875078,120.5017765,-0.1
11378,n/a,Tyrell Jenkins,7,22,-4.6,20,0,0.3,0,0.111111111,0.111111111,0.111111111,0.222222222,0,2.64285714,0.166666666,-0.002751293,-1.103106402,-3.320062645,0.104168448,-42.61242208,0
11281,2B,Whit Merrifield,7,25.5,-1.1,1129,0.069087688,0.128432241,0.537931032,0.290358728,0.342330255,0.414205007,0.756535262,0.123846279,6.330415287,0.326601402,0.545784333,143.3871727,3.403893844,0.339333913,99.39631894,9.2
11247,OF,Jabari Blash,7,24.5,-2.1,828,0.125603864,0.259661835,0.483720929,0.249899848,0.359903382,0.52992016,0.889823542,0.280020312,4.854887743,0.282125603,0.816159867,137.5170222,38.19593816,0.392366181,139.751208,-1.1
11241,SS,Mike Freeman,7,26.5,-0.1,908,0.08370044,0.131057268,0.638655462,0.288060848,0.349151331,0.408652979,0.75780431,0.120592132,7.365223694,0.325839698,3.88190641,117.5131751,5.371307993,0.341695779,94.53812026,0
11204,OF,Stephen Cardullo,0,0,0,0,0,0,0,0,0,0,0,0,0,0,0,0,0,0,0,-0.6
11192,n/a,Brett Nicholas,7,25.5,-1.1,929,0.058127018,0.205597416,0.282722511,0.271344206,0.318230301,0.400002921,0.718233222,0.128658715,2.623144951,0.323175844,-0.348032156,102.885329,-15.73112869,0.31915357,89.35412097,-0.1
10961,3B,Colin Walsh,6,25,0.9,1238,0.200323101,0.211631663,0.946564886,0.301848049,0.447325769,0.470225872,0.917551641,0.168377823,4.791506661,0.389534883,-0.300472034,233.9583369,90.37147276,0.421173897,155.8239354,-0.4
10882,DH,Jared Hoying,7,26,-0.6,1038,0.055876685,0.21194605,0.263636359,0.214432989,0.262548262,0.43298969,0.695537952,0.218556701,7.391466253,0.229461756,2.44879741,98.9008254,-29.97555235,0.300931722,78.98111025,-0.8
10349,1B,Tommy Joseph,7,23,-3.6,432,0.046296296,0.152777777,0.303030303,0.24120603,0.289719626,0.391959798,0.681679424,0.150753768,0.599587909,0.260869565,-0.287380367,44.85082066,-1.202846291,0.320103561,92.98398231,0
10329,OF,Rey Fuentes,7,24,-2.6,924,0.071428571,0.166666666,0.428571428,0.309756097,0.363839285,0.431707317,0.795546602,0.12195122,7.647633125,0.36196319,5.808868362,131.0113382,16.39928305,0.357992924,111.2393526,-0.6
10323,OF,Rafael Ortega,7,24,-2.6,1004,0.109561752,0.141434262,0.774647886,0.286041189,0.366935483,0.37757437,0.744509853,0.091533181,6.401185205,0.336065573,0.947426131,129.1824627,4.527469226,0.341420937,109.4819697,-0.9
9953,3B,Ryan Schimpf,7,27,0.4,858,0.123543123,0.179487179,0.688311687,0.25,0.347319347,0.508152173,0.85547152,0.258152173,1.900871851,0.25367647,-1.791735316,134.9428375,42.00252344,0.38400518,139.7472333,2.7
9887,n/a,Destin Hood,7,25,-1.6,786,0.053435114,0.251908396,0.212121211,0.270491803,0.311224489,0.456284153,0.767508642,0.18579235,6.001435862,0.342307692,0.65634096,101.6537434,16.13382035,0.345404402,115.3415953,0
9399,OF,Jeremy Hazelbaker,7,27,0.4,918,0.095860566,0.22657952,0.423076922,0.312655086,0.385462555,0.531017369,0.916479924,0.218362283,8.119055704,0.392361111,7.216857181,163.6800414,53.39796248,0.40403361,148.6802585,1.3
9246,1B,Blake Lalli,7,32,5.4,550,0.076363636,0.101818181,0.750000002,0.260162601,0.318681318,0.337398373,0.656079691,0.077235772,1.113530768,0.278538812,-2.033176992,49.4349004,-18.85219764,0.294384902,61.0178807,-0.1
7996,DH,Jose A. Martinez,7,26,-0.6,826,0.118644067,0.133171912,0.89090909,0.382022471,0.456310679,0.558988764,1.015299443,0.176966293,4.540116099,0.427118644,-0.007490361,179.5793602,77.13482434,0.448870514,170.8668736,3.8
7740,2B,Ty Kelly,7,26,-0.6,858,0.121212121,0.123543123,0.981132078,0.226415094,0.322429906,0.296495956,0.618925862,0.070080862,3.488868206,0.254716981,-3.62159446,75.05790498,-25.51289379,0.29327444,79.80898399,0.3
7706,n/a,Kyle Jensen,7,27,0.4,912,0.067982456,0.24122807,0.281818181,0.258992805,0.313596491,0.48441247,0.798008961,0.225419665,2.816176465,0.302405498,-0.376714077,120.9922848,7.759860469,0.346270758,104.3844792,0
7226,3B,Matt Davidson,7,24,-2.6,1204,0.102990033,0.317275747,0.32460733,0.202651515,0.292845257,0.375,0.667845257,0.172348485,1.907013876,0.264150943,-0.71341453,118.9077905,-8.165383426,0.310878672,83.99214916,1.6
7125,n/a,Alberto Rosario,7,28,1.4,360,0.05,0.116666666,0.428571431,0.195121951,0.25,0.274390243,0.524390243,0.079268292,1.74580066,0.218309859,-1.060727239,17.26336802,-24.75209969,0.239945532,38.12533472,-0.2
6835,n/a,Nick Buss,7,28,1.4,640,0.075,0.109375,0.685714286,0.295774647,0.352201257,0.408450704,0.760651961,0.112676057,5.922097329,0.318725099,0.142931674,81.85297101,2.391620565,0.340484095,91.05733313,-0.4
5452,DH,Ji Man Choi,7,24,-2.6,160,0.1375,0.2,0.6875,0.289855072,0.3875,0.405797101,0.793297101,0.115942029,1.755952377,0.365384615,-0.974692589,23.56213687,3.781123058,0.362216283,123.9429604,1.6
4626,n/a,James Beresford,7,26,-0.6,1072,0.054104477,0.106343283,0.508771927,0.307228915,0.341463414,0.359437751,0.700901165,0.052208836,2.44188211,0.340807174,-2.068271537,116.8204631,3.678899535,0.324806778,101.9289347,0
4177,n/a,Hernan Iribarren,7,31,4.4,916,0.087336244,0.139737991,0.624999997,0.255528255,0.324444444,0.304668304,0.629112748,0.049140049,4.44088328,0.300291545,-0.965930721,82.56225198,-14.11468104,0.299114068,83.13556952,0.2
2833,n/a,Cedric Hunter,7,27,0.4,1030,0.066019417,0.130097087,0.507462684,0.282700421,0.330739299,0.419831223,0.750570522,0.137130802,4.46414439,0.305764411,-1.218446911,126.3016014,17.592823,0.343418973,116.9860462,-0.6
2829,C,Manny Pina,7,28,1.4,584,0.08219178,0.116438356,0.705882347,0.3046875,0.379310344,0.4609375,0.840247844,0.15625,2.535694549,0.32718894,0.074985895,90.36723408,28.73041215,0.387213932,147.6743919,3.9
17528,OF,Hector Olivera,0,0,0,0,0,0,0,0,0,0,0,0,0,0,0,0,0,0,0,-0.4
17182,3B,Jung Ho Kang,0,0,0,0,0,0,0,0,0,0,0,0,0,0,0,0,0,0,0,6.6
17171,DH,Yasmany Tomas,0,0,0,0,0,0,0,0,0,0,0,0,0,0,0,0,0,0,0,-1.8
16478,DH,Kyle Schwarber,5,21,-1.8,311,0.125401929,0.183279742,0.684210528,0.34351145,0.427652733,0.633587786,1.061240519,0.290076336,5.032607825,0.373056994,0.032258186,69.95962634,34.1003167,0.467533727,191.6020357,2.8
16376,OF,Michael Conforto,3,21,0.5,186,0.086021505,0.155913978,0.551724137,0.331288343,0.403225806,0.44785276,0.851078566,0.116564417,4.513772306,0.383458646,0.666347313,31.66557085,10.92125167,0.39634656,156.0776995,7.2
16252,SS,Trea Turner,4,21,-0.2,321,0.109034267,0.208722741,0.522388056,0.322580645,0.40625,0.448028673,0.854278673,0.125448028,6.547281823,0.408653846,2.721151833,55.7182935,17.40022203,0.39604692,147.0783844,7.1
15580,n/a,Dariel Alvarez,7,24.5,-0.85,647,0.038639876,0.112828439,0.342465749,0.310929829,0.335904749,0.484352744,0.820257493,0.173422914,4.376607492,0.324749956,-1.32604562,94.17345849,18.49207872,0.364094172,122.9948888,0.1
15450,n/a,Daniel Castro,7,20.5,-4.85,871,0.040183696,0.09184845,0.437499996,0.295203646,0.324395023,0.415394068,0.739789091,0.120190423,5.728588864,0.313623216,1.091716794,105.5134233,-4.162476385,0.332357145,94.31341867,-1
15429,DH,Kris Bryant,7,21.5,-3.2,740,0.13108108,0.266216216,0.492385785,0.32732109,0.428378378,0.665882498,1.094260875,0.338561408,4.987043742,0.401198107,1.319708403,170.949561,81.69318464,0.47293446,190.7983666,20.6
14523,C,Pedro Severino,5,19.5,-2.5,628,0.054140127,0.176751592,0.306306303,0.244398867,0.290860258,0.367227001,0.658087259,0.122828134,4.115098892,0.283523662,0.112371131,63.5799137,-10.08979619,0.302329603,85.8583951,0.2
14441,OF,Henry Urrutia,7,26.5,-0.1,610,0.06557377,0.183606557,0.357142855,0.306532882,0.349180327,0.422676591,0.771856918,0.116143709,2.963963899,0.365313636,-0.550218931,81.18785944,10.21457656,0.349107942,115.0095463,0
14320,SS,Wilmer Difo,5,21.5,-0.5,845,0.068639053,0.119526627,0.574257422,0.287744617,0.342381857,0.436371317,0.778753174,0.148626701,7.641161155,0.30810079,5.652070052,120.6424113,20.8080217,0.356672946,120.3598056,1.4
14162,SS,Carlos Correa,5,18.5,-3.5,812,0.115763546,0.157635467,0.734374999,0.321912873,0.409366262,0.482317446,0.891683709,0.160404574,5.735956454,0.374326796,-0.326863463,147.1155771,46.41908752,0.402551367,142.5621879,12.4
14161,OF,Byron Buxton,6,19.5,-3.95,711,0.120956399,0.198312236,0.609929078,0.314719736,0.401225673,0.496342323,0.897567996,0.181622587,8.273795038,0.382425423,3.241959241,126.5156688,44.66624817,0.407733324,154.4990452,6.4
14158,OF,Mac Williamson,5,22.5,-0.3,699,0.09155937,0.208869813,0.438356165,0.29593278,0.381617194,0.504137455,0.885754649,0.208204675,5.162410604,0.346229222,2.217844355,124.0003793,29.7106331,0.386670718,138.3863913,-0.3
14131,1B,Greg Bird,6,20.5,-2.15,1014,0.167652859,0.225838264,0.742358076,0.280726133,0.405325444,0.493793568,0.899119011,0.213067434,2.789684806,0.347162452,-0.785019946,183.4387512,66.35309202,0.409029606,160.3895706,0.8
14128,1B,Joey Gallo,6,19.5,-3.15,1004,0.136454183,0.349601593,0.39031339,0.261552772,0.367921968,0.618679409,0.986601377,0.357126637,6.478118307,0.331201717,2.059084839,200.9311713,84.91126639,0.433307775,169.2021213,2.5
14106,SS,Addison Russell,7,19.5,-5.85,797,0.100376411,0.218318695,0.459770112,0.278134163,0.362609786,0.499788175,0.862397962,0.221654013,6.70356242,0.331291849,2.295707274,132.8865759,30.98285426,0.380791112,130.5379207,8.5
13895,C,Trevor Brown,7,21.5,-3.2,777,0.064350064,0.138996138,0.462962961,0.241181929,0.293281966,0.310304883,0.603586849,0.069122954,3.383660555,0.274473004,-2.026083538,64.31806885,-32.08015083,0.279981325,73.58025152,-0.6
13862,2B,Devon Travis,6,22.5,-0.95,1017,0.088495574,0.121927237,0.725806447,0.328116819,0.391889379,0.492593443,0.884482822,0.164476624,6.497243916,0.353482798,3.330938367,175.3823117,57.13255932,0.399081114,148.6227911,5.3
13809,OF,Micah Johnson,7,22.5,-2.85,1073,0.081081081,0.155638397,0.520958082,0.303644304,0.362989695,0.430311372,0.793301068,0.126667069,7.688625653,0.355222938,4.534260067,154.1990039,29.07156175,0.362603448,119.7009342,-0.4
13807,C,Kevin Plawecki,7,22.5,-2.2,940,0.076595744,0.107446808,0.712871286,0.306632741,0.378850427,0.453208723,0.832059149,0.146575982,2.214316431,0.327282661,-0.333915951,147.6063369,36.7337096,0.378361344,133.8869364,1.7
13777,3B,Adonis Garcia,7,28.5,1.9,603,0.046434494,0.124378109,0.373333332,0.295077464,0.335501977,0.430959842,0.766461818,0.135882378,5.151253441,0.319301469,-0.224554084,77.74203827,8.580436279,0.345703004,115.1873465,0.5
13770,OF,Rob Refsnyder,7,22.5,-2.2,1150,0.120869564,0.162608695,0.743315505,0.305947868,0.399881167,0.455327563,0.85520873,0.149379695,5.115649814,0.359967227,-0.334421754,190.5728509,59.10937303,0.392710357,146.060738,-1.1
13768,OF,Travis Jankowski,6,22.5,-0.95,745,0.096644295,0.159731543,0.605042018,0.273410715,0.345905681,0.337180465,0.683086146,0.063769751,8.274848542,0.329916107,9.614672276,86.5153791,-10.97987322,0.316229572,94.42483487,0.6
13633,OF,Preston Tucker,7,22.5,-2.85,1200,0.094166666,0.175833333,0.535545022,0.289469239,0.359999999,0.493027531,0.853027531,0.203558292,3.155845282,0.319147983,-0.389746813,191.2874987,43.1592351,0.374695526,125.669197,-0.4
13624,SS,Corey Seager,6,19.5,-3.95,952,0.090336134,0.214285714,0.421568627,0.313381604,0.378941694,0.544386297,0.923327991,0.231004694,5.430653822,0.372522459,0.503781972,174.1003889,54.47523751,0.403207289,146.9798915,11.7
13613,2B,Ketel Marte,7,19.5,-5.2,1060,0.043396226,0.120754716,0.359374997,0.300913835,0.330103104,0.390084341,0.720187445,0.089170505,7.181798242,0.338157332,1.111781128,124.6206462,-1.690188337,0.327112772,97.26141231,3.2
13593,2B,Jose Peraza,6,19.5,-3.15,1003,0.050847457,0.110667995,0.45945946,0.313355508,0.352836081,0.405773617,0.758609698,0.092418108,8.894292459,0.349139193,11.69501458,135.4278295,18.55691183,0.347652766,115.1465655,1
13499,C,Tom Murphy,6,22.5,-1.6,524,0.104961831,0.248091603,0.42307692,0.272758364,0.364749314,0.538866911,0.903616225,0.266108547,3.645379384,0.323308246,-1.596377904,94.17489249,33.9885711,0.406304225,145.4695647,0.1
13490,n/a,Oscar Hernandez,4,19.5,-1.7,589,0.064516129,0.174872665,0.368932039,0.241660477,0.295926154,0.388518707,0.684444862,0.146858231,4.853152678,0.27089772,-0.613966755,64.78066461,-1.740301868,0.313949147,98.98610875,-0.2
13367,OF,Stephen Piscotty,7,22.5,-2.85,1027,0.077896786,0.104186952,0.74766355,0.291247913,0.35512198,0.432462327,0.787584307,0.141214415,3.691139859,0.307515029,-1.269936131,142.8182084,17.01502255,0.354274526,117.2994489,4.8
13355,C,Luke Maile,6,22.5,-0.15,800,0.095,0.162499999,0.584615385,0.273906793,0.344999999,0.393287875,0.738287874,0.119381082,4.387324136,0.320808823,0.247370692,101.8374273,8.648400014,0.340571723,109.7218635,-0.7
13325,SS,Deven Marrero,7,22.5,-2.85,970,0.101030927,0.175257731,0.576470586,0.25522175,0.332299189,0.345910283,0.678209471,0.090688532,5.34343638,0.307595067,4.060358532,105.4506889,-9.284509283,0.316823307,90.64474459,-0.9
13301,3B,Max Muncy,6,22.5,-1.6,1155,0.152380952,0.167965368,0.907216494,0.268489776,0.382683983,0.42997181,0.812655792,0.161482034,3.47587736,0.302430707,-0.388768658,174.8779545,35.77749069,0.364201546,122.3453503,-0.6
13288,OF,Peter O'Brien,6,22.5,-0.95,933,0.066452303,0.262593783,0.253061221,0.281605341,0.334405144,0.566672459,0.901077603,0.285067118,3.30281919,0.326120215,-0.792585291,159.3396226,52.26909687,0.397656564,150.6707502,-0.6
13284,OF,Darnell Sweeney,6,22.5,-0.95,1199,0.100083402,0.223519599,0.447761192,0.281419175,0.357671779,0.458891399,0.816563178,0.177472224,6.727134616,0.352572684,-3.414857995,179.1121818,29.26134257,0.363256889,119.6584978,-0.4
13271,1B,Richie Shaffer,6,22.5,-0.95,1009,0.091179385,0.221010902,0.412556051,0.237921742,0.31349754,0.41876713,0.732264669,0.180845388,4.708476242,0.279045944,1.904270965,120.1820518,6.139883642,0.33312496,104.1371116,0.3
13228,OF,Michael Reed,5,20.5,-1.5,996,0.149598393,0.187751003,0.796791443,0.271527204,0.390048772,0.389943335,0.779992106,0.118416131,6.810601342,0.342778471,1.951721925,147.3721584,31.65811551,0.367183331,129.3533687,-0.2
13176,OF,Blake Swihart,7,21.5,-3.2,873,0.082474226,0.163802978,0.503496501,0.29549433,0.353225424,0.449144397,0.802369821,0.153650067,5.255023746,0.34207202,-1.167042963,126.2850949,22.69850485,0.361916023,119.9456715,1.3
13130,OF,Mikie Mahtook,7,23.5,-1.85,1118,0.07960644,0.213774597,0.372384936,0.272117958,0.340787119,0.420219815,0.761006934,0.148101857,6.65990977,0.339463669,2.79379812,143.752516,19.39454131,0.345682628,112.1788157,1.8
13005,2B,Kelby Tomlinson,6,23.5,-0.6,789,0.095057033,0.187579213,0.506756754,0.260481744,0.335913354,0.321270664,0.657184018,0.06078892,6.932909732,0.326079976,5.062053172,81.67720337,-13.89769483,0.306960169,88.87354022,2.4
12976,C,Austin Hedges,6,20.5,-3.6,798,0.063909774,0.179197994,0.356643354,0.239855552,0.295993647,0.351736278,0.647729925,0.111880727,3.37694813,0.282858331,-1.822306581,75.97398236,-19.24449675,0.293877733,83.88754104,2.1
12944,OF,Socrates Brito,5,20.5,-1.5,1127,0.064773735,0.206743567,0.313304717,0.278583709,0.325921272,0.3919442,0.717865473,0.113360491,7.265829103,0.345717097,4.371818491,133.9851609,-8.139798303,0.323715308,92.86642864,0.3
12916,SS,Francisco Lindor,7,19.5,-5.85,1031,0.095053346,0.138700291,0.685314686,0.288103344,0.356905787,0.396835529,0.753741316,0.108732184,6.482731143,0.326457571,0.634159,136.0433447,14.14946688,0.346252284,110.6628297,15
12649,DH,Alex Dickerson,6,23.5,-0.6,665,0.060150375,0.183458646,0.32786885,0.295711197,0.346374098,0.496719764,0.843093862,0.201008567,4.784375839,0.340225425,-1.472416321,102.591487,24.76650451,0.374936076,133.1200221,0.7
12590,2B,Taylor Featherston,6,23.5,0.05,1066,0.063789868,0.210131332,0.303571427,0.275314963,0.331754305,0.460596515,0.79235082,0.185281552,6.851256439,0.328091651,1.771764865,149.7695949,18.99670669,0.350739725,115.7062635,-0.4
12547,C,John Hicks,7,23.5,-1.85,650,0.075384615,0.196923077,0.382812499,0.262907233,0.325617761,0.36704201,0.692659771,0.104134777,5.770860105,0.319949697,0.956556578,71.22384113,-2.44639863,0.319826357,93.52206591,0.1
12508,C,Jett Bandy,6,23.5,-0.6,635,0.074015747,0.160629921,0.460784311,0.246066206,0.328583699,0.397205219,0.725788918,0.151139013,2.431070858,0.271046086,-1.773590852,76.99157195,5.705989293,0.331286528,114.7134235,0.4
12225,OF,Scott Schebler,6,22.5,-0.95,1094,0.073126142,0.228519195,0.319999998,0.287697141,0.36271156,0.56818416,0.93089572,0.280487019,7.062629747,0.335394324,1.100818648,200.0172791,63.81221042,0.40356902,145.5998043,2.5
12214,n/a,Danny Muno,7,24.5,-0.85,996,0.152610441,0.179718875,0.84916201,0.253640222,0.378677879,0.395743192,0.774421071,0.14210297,4.863189632,0.295934707,-2.22969673,141.8402899,18.62162868,0.357660827,112.2894044,-0.2
12164,3B,Miguel Sano,6,20,-4.1,519,0.125240847,0.273603082,0.457746477,0.280182232,0.38150289,0.610478359,0.991981249,0.330296127,6.327931975,0.329588014,0.806387566,102.4810686,42.713269,0.434608781,172.6706274,4.8
12158,C,Austin Barnes,6,23.5,-0.6,1039,0.128007699,0.125120307,1.023076924,0.288740703,0.389022613,0.420990074,0.810012687,0.132249371,4.635760177,0.318333823,0.720939199,157.7684223,40.78316222,0.376081325,136.5552849,3.7
12155,OF,Eddie Rosario,6,21.5,-2.6,914,0.064551422,0.184901531,0.349112424,0.278274309,0.324234034,0.43037124,0.754605274,0.152096931,5.823166996,0.325117224,-2.555000589,114.7147322,8.734195846,0.339422207,109.2076334,6
12148,3B,Kyle Kubitza,6,22.5,-0.95,1056,0.148674242,0.250946969,0.592452828,0.277646122,0.39217738,0.452502716,0.844680095,0.174856594,6.151350214,0.372481316,-3.7689347,170.5014119,46.43084909,0.385561694,138.6285979,-0.4
12144,OF,Max Kepler,5,20.5,-1.5,670,0.086567164,0.156716417,0.55238095,0.253354386,0.324875622,0.404975425,0.729851046,0.151621039,5.960584115,0.284605644,0.576247991,83.09919249,5.759007777,0.336349214,108.129285,3.8
11982,1B,Travis Shaw,7,23.5,-1.85,1083,0.124653739,0.199445983,0.624999999,0.249791806,0.347509346,0.434722338,0.782231684,0.184930532,4.268943416,0.285258959,-0.030126867,149.0367906,22.04378557,0.354003687,115.8320866,6.8
11902,3B,Hanser Alberto,6,20.5,-3.6,963,0.037383177,0.094496365,0.395604391,0.247506735,0.28450304,0.33823614,0.622739179,0.090729404,5.855225694,0.262177787,0.316946595,82.6152435,-28.45569996,0.28385287,72.44642469,-0.7
11863,SS,Yadiel Rivera,6,21.5,-1.95,974,0.059548254,0.170431211,0.349397588,0.248841164,0.30403098,0.341800213,0.645831192,0.092959049,5.766373449,0.295200395,-0.903203977,92.72454485,-17.05623631,0.30124881,87.39381269,-0.3
11859,OF,Mason Williams,6,21.5,-2.6,1100,0.079090908,0.133636363,0.59183673,0.233566077,0.296621084,0.319892951,0.616514035,0.086326874,5.838419531,0.265676485,-0.053233083,93.2640975,-33.10388365,0.287070827,75.47564021,0.1
11680,C,Elias Diaz,7,22.5,-2.2,624,0.102564102,0.144230769,0.71111111,0.300241141,0.371600654,0.412960159,0.784560813,0.112719018,3.226034428,0.340921614,-1.708469317,87.88788791,16.07167721,0.358858609,120.641079,-1.2
11624,OF,Jarrett Parker,7,24.5,-0.85,1032,0.1124031,0.278100775,0.404181183,0.260801567,0.362820512,0.446109291,0.808929804,0.185307725,5.946367124,0.349426324,-2.421283318,153.7042552,31.08885937,0.36675841,127.2667131,1.5
11615,2B,Brandon Drury,6,20.5,-2.15,1177,0.080713678,0.158878504,0.508021388,0.300658366,0.361937127,0.505188226,0.867125353,0.204529859,3.176420928,0.332452771,-1.261706962,194.5334922,48.22740166,0.38286933,132.0949365,2.3
11494,3B,Kaleb Cowart,6,21.5,-2.6,1033,0.07841239,0.215876089,0.363228697,0.221875907,0.286257581,0.31201646,0.598274041,0.090140554,5.384588784,0.276613971,2.9585377,82.02003513,-34.2391122,0.275744431,77.48948375,-0.8
11476,OF,Odubel Herrera,6,21.5,-2.6,1072,0.079291044,0.16511194,0.480225987,0.290277748,0.348173134,0.367038404,0.715211538,0.076760656,5.992678946,0.348631552,0.220780035,128.6766719,6.384082876,0.329161921,102.4243602,10.2
11472,SS,Dixon Machado,6,21.5,-1.95,722,0.102493074,0.130193905,0.787234042,0.271491185,0.349046165,0.378737492,0.727783657,0.107246307,4.66956913,0.308130488,-0.523105592,89.81511725,6.927592204,0.336469718,107.9789785,0
11445,OF,Mark Canha,7,24.5,-0.85,1041,0.106628242,0.205571566,0.518691588,0.288563507,0.377381082,0.478281101,0.855662183,0.189717594,4.35488978,0.34189128,0.450561647,167.8243954,43.81899531,0.383623929,139.1089377,0.1
11442,C,Gary Sanchez,6,20.5,-3.6,986,0.085192697,0.180527383,0.471910111,0.261572757,0.330628803,0.408846568,0.739475371,0.147273811,1.985338952,0.296517915,-0.39792591,122.968168,9.571830164,0.338076788,109.4497092,7.1
11400,SS,Ronald Torreyes,7,20.5,-4.85,946,0.056025369,0.058139534,0.963636359,0.284965192,0.337762731,0.372436713,0.710199443,0.08747152,5.649172946,0.298671356,-1.432561515,108.4340621,-6.175842818,0.323724877,92.5863217,1.5
11379,OF,Delino DeShields,6,20.5,-2.95,1041,0.113352545,0.195965417,0.578431372,0.275317902,0.374097819,0.410821024,0.784918843,0.135503122,8.15955525,0.338430472,6.818835221,154.2972027,25.86792668,0.358534698,112.8978633,2.3
11165,OF,Ramon Flores,7,21.5,-3.85,909,0.122112211,0.162816281,0.749999998,0.258286681,0.349900954,0.397927027,0.747827981,0.139640347,4.841802866,0.298693971,-1.597671482,117.7134786,10.86284615,0.344207627,112.1867511,-1.7
10937,n/a,Ryan Strausborger,7,26,0.65,899,0.068965517,0.186874304,0.369047617,0.242916369,0.304169183,0.385472304,0.689641487,0.142555935,6.871444582,0.282656005,4.918595149,93.98421849,-12.31156273,0.307507566,87.06832962,-0.3
10822,OF,Todd Cunningham,7,25,-1.6,862,0.074245939,0.111368909,0.666666666,0.263228,0.334878502,0.334655358,0.66953386,0.071427358,6.064846353,0.295323488,0.474012213,88.2101887,-6.178487974,0.313990113,93.28437556,-0.1
10807,SS,Tyler Saladino,7,24,-1.35,724,0.100828729,0.16436464,0.613445377,0.237173962,0.321216969,0.332430362,0.653647331,0.0952564,6.518486338,0.273212097,6.093083184,71.08483851,-5.874665515,0.307577978,88.37729116,1.7
10700,OF,Ryan LaMarre,7,25,-1.6,858,0.073426573,0.212121211,0.346153845,0.249220022,0.319209795,0.380249043,0.699458839,0.131029022,5.55971178,0.303729818,-0.412041012,95.02319115,3.798535309,0.324953467,101.1571218,0.2
10681,3B,Gio Urshela,7,22,-3.35,550,0.03090909,0.109090908,0.283333331,0.26995952,0.293034238,0.397231036,0.690265274,0.127271516,2.747205883,0.286663989,-0.382761529,57.23423677,-6.712174332,0.312007624,89.62772131,-0.1
10642,C,Carlos Perez,7,23,-3.6,435,0.08275862,0.131034482,0.631578947,0.287605102,0.347884012,0.392623211,0.740507223,0.105018109,2.235400272,0.322641308,-0.235297636,53.72554404,-0.079727755,0.336354959,97.92827696,-0.6
10593,n/a,Joey Terdoslavich,7,25,-1.6,566,0.098939929,0.180212014,0.549019606,0.305585303,0.371024734,0.523085669,0.894110403,0.217500366,3.027670254,0.338301983,-2.563587638,94.00129068,31.54451714,0.397442833,149.635267,0.1
10473,DH,Cheslor Cuthbert,7,21,-4.35,956,0.087866108,0.154811715,0.567567565,0.260646844,0.326328928,0.4026609,0.728989828,0.142014056,3.812525635,0.293097509,-0.739452022,114.3498776,-0.722149264,0.32865087,98.36779833,1.1
10336,n/a,Slade Heathcott,7,23,-2.35,724,0.074585635,0.232044198,0.321428572,0.262482066,0.320844502,0.382963358,0.703807859,0.120481292,6.160541075,0.336716076,-1.412662059,80.62047973,-1.522200312,0.322279672,99.43990856,0
10327,n/a,Ramon Cabrera,7,24,-2.6,878,0.096810933,0.112756264,0.858585853,0.286585864,0.357333346,0.363888587,0.721221933,0.077302723,2.94413493,0.32256109,-0.501625407,106.2932506,7.889507112,0.336257307,105.6148444,-1.8
9954,n/a,Darrell Ceciliani,7,24,-1.35,717,0.069735006,0.213389121,0.326797383,0.295340175,0.348683337,0.451655898,0.800339235,0.156315723,8.195767486,0.361877598,4.501945805,100.9094566,14.64103087,0.355654046,113.85189,0.3
9952,OF,Trayce Thompson,7,23,-2.35,1007,0.082423038,0.216484607,0.380733944,0.241846184,0.314051723,0.406693442,0.720745166,0.164847259,6.529772847,0.286206744,1.41308646,117.0573955,10.12179113,0.332533624,104.3350594,0.5
9886,SS,Ivan De Jesus Jr.,7,27,0.4,554,0.092057761,0.194945848,0.472222221,0.312900905,0.379314713,0.429526211,0.808840924,0.116625306,4.720101628,0.390632615,-0.461337029,79.35675805,18.46976687,0.367763686,129.7413379,-0.2
9433,C,Dustin Garneau,7,26,0.65,712,0.074438202,0.141853932,0.524752476,0.254213966,0.323393166,0.443305109,0.766698276,0.189091143,3.13359959,0.259543591,-0.32004035,92.00025678,7.42190099,0.339100533,101.3448816,-1.1
9253,OF,Keon Broxton,7,24,-1.35,943,0.101802757,0.288441144,0.352941177,0.256196683,0.33287202,0.406875126,0.739747146,0.150678443,6.959429969,0.353195647,1.96534131,115.413434,14.68195013,0.339784511,114.7867211,2.9
9113,n/a,Allan Dykstra,7,27,1.65,656,0.207317073,0.240853658,0.860759494,0.258391597,0.419207317,0.459574974,0.878782291,0.201183377,0.786451923,0.325025303,-0.383535267,114.6137749,39.18875378,0.402794694,149.9600163,-0.3
8979,SS,Dusty Coleman,7,27,0.4,966,0.087991718,0.260869564,0.337301586,0.2703641,0.348448252,0.406136268,0.754584521,0.135772168,6.057425237,0.370217014,-0.941456368,125.1997586,11.85658736,0.340631204,107.5294372,0.1
8628,OF,Paulo Orlando,7,28,1.4,508,0.059055117,0.173228346,0.340909088,0.276457704,0.320062054,0.384313225,0.704375279,0.107855521,5.645431242,0.322603035,1.85641194,54.20890823,-9.318287482,0.316466078,82.9354104,2.1
8298,C,Francisco Pena,7,24,-2.6,689,0.058055152,0.145137881,0.399999998,0.252784811,0.30263336,0.429251648,0.731885009,0.176466838,3.153736249,0.266518816,-0.095796608,77.12102554,-8.28251786,0.321859481,86.11083209,-1.2
7949,DH,Tim Beckham,7,24,-2.6,579,0.084628669,0.212435232,0.398373982,0.277861998,0.343245767,0.391329083,0.734574851,0.113467085,6.619872697,0.35404973,-0.007455979,69.63826989,4.923969994,0.336532896,104.600199,0.4
7515,n/a,Jhonatan Solano,7,28,1.4,356,0.042134831,0.123595505,0.340909089,0.222286446,0.259874801,0.297448831,0.557323632,0.075162385,1.421674845,0.245762078,-0.21024899,19.74743267,-22.73441632,0.251971005,51.30182236,0
7423,OF,Shane Peterson,7,26,-0.6,747,0.12583668,0.224899598,0.559523808,0.268518714,0.365778914,0.42209698,0.787875894,0.153578266,4.668594921,0.333836094,1.726752136,105.0093676,11.49167362,0.357660906,112.0175768,0.5
6880,n/a,Nick Noonan,7,25,-1.6,527,0.074003795,0.240986717,0.307086613,0.259975602,0.314181656,0.3404421,0.654623756,0.080466498,3.003299541,0.341863379,-1.060908105,49.2590687,-11.42696936,0.301815924,83.27434765,0
6596,SS,Ryan Jackson,7,26,-0.6,941,0.105207226,0.180658873,0.58235294,0.285895466,0.361117493,0.360747496,0.72186499,0.07485203,3.660989266,0.351456851,-0.249347621,113.6391026,-3.905331035,0.333212098,96.1850631,-0.3
6262,n/a,Tommy Field,7,27,0.4,807,0.120198265,0.185873605,0.646666665,0.27239677,0.367490975,0.459791875,0.827282849,0.187395105,4.860305662,0.310103796,0.484241456,121.1879725,20.47326011,0.36844988,117.0241047,-0.1
6008,n/a,Rey Navarro,7,24,-1.35,875,0.052571428,0.116571428,0.450980388,0.272875051,0.310185042,0.403022108,0.71320715,0.130147057,4.245133191,0.290168048,-2.438883863,97.72821395,1.366696336,0.320487636,101.4789449,0
5429,n/a,Carson Blair,7,24,-0.7,495,0.139393939,0.276767676,0.503649633,0.251179628,0.358279491,0.440285135,0.798564627,0.189105507,4.666156732,0.338213159,-0.148939357,71.16901595,12.19174919,0.363172512,120.4017288,-0.6
5107,1B,Jefry Marte,7,23,-2.35,692,0.085260115,0.170520231,0.499999997,0.273605287,0.343930635,0.437540435,0.78147107,0.163935148,5.046748529,0.310153778,0.40413661,93.95038832,18.21488874,0.355042912,123.7542823,-0.2
3274,n/a,Nevin Ashley,7,29,2.4,659,0.095599393,0.198786039,0.480916031,0.275963332,0.354609336,0.413371758,0.767981094,0.137408426,3.897879586,0.330966209,-1.002252052,87.30633188,8.71401693,0.347728069,96.00733923,0
3211,DH,Tyler Ladendorf,7,26,-0.6,440,0.084090909,0.165909091,0.506849313,0.251190959,0.324965772,0.364409399,0.689375171,0.113218441,3.361158545,0.291456572,-0.22425472,47.44225987,-4.127863805,0.312708994,92.75246994,-0.6
2783,n/a,Johnny Monell,7,28,1.4,769,0.11183355,0.187256176,0.597222221,0.29324463,0.373211963,0.484528491,0.857740453,0.191283861,3.949968717,0.332936748,-0.165907766,121.805246,25.65650335,0.378820375,123.9277524,-0.5
1050,n/a,Danny Dorn,7,29,2.4,894,0.096196867,0.204697986,0.469945353,0.3006203,0.369983203,0.509534642,0.879517845,0.208914342,4.352255142,0.342378765,-0.471348254,146.8074527,42.81725302,0.388402651,136.2918077,-0.3
832,n/a,Rafael Ynoa,0,0,0,0,0,0,0,0,0,0,0,0,0,0,0,0,0,0,0,0
17016,OF,Rusney Castillo,0,0,0,0,0,0,0,0,0,0,0,0,0,0,0,0,0,0,0,1
15809,n/a,Erisbel Arruebarrena,0,0,0,0,0,0,0,0,0,0,0,0,0,0,0,0,0,0,0,-0.3
15676,1B,Jose Abreu,0,0,0,0,0,0,0,0,0,0,0,0,0,0,0,0,0,0,0,10.8
15670,3B,Alex Guerrero,0,0,0,0,0,0,0,0,0,0,0,0,0,0,0,0,0,0,0,-0.3
14335,1B,Dilson Herrera,4,18.5,-2.35,759,0.07773386,0.214756258,0.361963188,0.273503336,0.336519971,0.44080933,0.777329301,0.167305994,6.804814763,0.331993638,0.683450607,108.7746288,21.93001353,0.359610245,124.380809,0.7
14221,OF,Jorge Soler,5,20.5,-1.5,386,0.085492227,0.147668393,0.578947365,0.287728824,0.353220777,0.465130307,0.818351084,0.177401483,6.095067384,0.30921119,2.376984997,58.76974916,12.52840815,0.370484478,129.5844701,1.4
13836,3B,Matt Duffy,5,21.5,-0.15,670,0.11641791,0.117910447,0.987341773,0.284891539,0.379933664,0.392122267,0.772055931,0.107230728,6.152597791,0.315904623,3.169499032,99.06956454,18.76218228,0.363126356,125.1821848,5.5
13757,2B,Chris Taylor,6,21.5,-1.15,837,0.127837515,0.166069295,0.769784173,0.316400251,0.411281623,0.449105938,0.860387561,0.132705688,7.70396485,0.378898624,5.930297117,144.428176,43.57834107,0.393359255,133.6679162,0.6
13658,OF,Terrance Gore,4,21.5,1.3,817,0.11995104,0.210526316,0.569767439,0.228938678,0.349063013,0.258308328,0.607371341,0.02936965,8.543489866,0.305675608,15.80362853,86.58958187,-11.90324737,0.30416894,87.58739554,0.3
13611,SS,Mookie Betts,5,19.5,-2.15,843,0.134045077,0.103202846,1.298850578,0.297600383,0.394271321,0.437313892,0.831585213,0.139713509,6.607550567,0.319905934,7.511733859,139.409373,41.54899923,0.386924612,140.8519556,14
13510,3B,Jose Ramirez,6,19.5,-3.15,859,0.074505238,0.077997671,0.95522388,0.303049277,0.354958946,0.392848066,0.747807012,0.089798789,7.247350394,0.323092139,1.103939133,112.6492441,10.38790152,0.342524047,110.1310377,6.5
13419,1B,Christian Walker,6,21.5,-0.8,532,0.082706767,0.152255638,0.543209878,0.297404346,0.364661654,0.447127147,0.811788801,0.149722802,2.257276996,0.33239996,-1.212835736,81.9658717,19.28685525,0.374093298,131.0301226,-0.1
13329,1B,Jake Lamb,5,21.5,0.5,619,0.119547657,0.203554119,0.587301588,0.31572776,0.40549273,0.543755537,0.949248266,0.228027777,4.212473845,0.375364542,0.562395337,125.6008682,37.83356054,0.415091503,141.273675,5.2
13153,2B,Luis Sardinas,6,19.5,-3.15,985,0.065989847,0.12893401,0.511811023,0.289233837,0.342878184,0.350888668,0.693766851,0.061654831,6.727891246,0.330296158,3.859506853,115.1177888,-4.452851629,0.324116933,93.51332635,-1.2
13152,2B,Jorge Polanco,4,18.5,-1.7,727,0.08528198,0.116918844,0.729411764,0.310442985,0.36898046,0.469245564,0.838226024,0.158802579,5.774058531,0.336992564,-1.459803205,116.9410437,28.67762274,0.377394064,130.9663834,1.1
13132,C,Andrew Susac,6,22.5,-0.95,736,0.131793478,0.229619565,0.573964495,0.247196302,0.354703876,0.409355857,0.764059733,0.162159555,3.01809753,0.304309066,-0.154917023,102.6467328,7.250102874,0.348652939,112.9170002,0.9
12984,OF,Jackie Bradley Jr.,7,22.5,-2.85,949,0.134878819,0.172813487,0.780487803,0.299438877,0.407531413,0.476560953,0.884092366,0.177122075,5.706250193,0.351020177,-0.820623248,163.0526271,53.48881301,0.398805923,148.1118556,7.7
12979,SS,Javier Baez,6,19.5,-3.95,898,0.06013363,0.240534521,0.25,0.286372313,0.342984409,0.565584335,0.908568744,0.279212022,7.490606069,0.323374779,4.72739506,156.4540204,54.87257783,0.40377319,153.0271092,2.2
12907,OF,Gregory Polanco,7,20.5,-3.4,1021,0.094025465,0.134182173,0.700729928,0.304029652,0.371653132,0.475700574,0.847353706,0.171670923,6.690748906,0.330572625,3.75508902,165.9863646,43.70963331,0.38414423,133.1042858,4.9
12859,C,James McCann,6,22.5,-1.6,893,0.0537514,0.176931691,0.303797468,0.258503601,0.305270056,0.361195381,0.666465437,0.10269178,3.182012035,0.30498692,-0.673705665,87.82999326,-16.54136432,0.304122222,81.65076667,-0.1
12856,OF,George Springer,7,22.5,-2.85,1171,0.12382579,0.270708795,0.457413249,0.302610356,0.396767245,0.562926592,0.959693837,0.260316236,7.768649797,0.383367725,8.103031757,228.7360188,79.95573017,0.415522704,148.1231957,10.3
12797,DH,Dalton Pompey,4,19.5,-1.7,593,0.123102867,0.202360877,0.608333333,0.264305091,0.360581455,0.398429536,0.759010991,0.134124445,8.061144479,0.333122785,3.661482961,82.52264623,12.11187763,0.353710642,113.1751118,0.2
12723,OF,Tyler Collins,6,22.5,-0.95,1068,0.102059925,0.174157303,0.586021506,0.263964315,0.345505617,0.431604248,0.777109865,0.167639933,4.38467881,0.297282892,1.052879947,147.826953,22.8630956,0.354466434,117.5452655,0.7
12701,OF,Billy Burns,6,22.5,-0.15,1025,0.133658536,0.11902439,1.122950819,0.318292848,0.428149681,0.382422328,0.810572009,0.06412948,8.517053759,0.37113172,14.40070089,168.9125737,43.59332505,0.385583726,134.4766786,0.8
12606,C,Raffy Lopez,6,24.5,1.05,655,0.122137404,0.14961832,0.816326531,0.260927225,0.352221568,0.393292036,0.745513603,0.13236481,2.941773151,0.297425536,-0.483382123,85.66506509,11.90630344,0.345044472,112.6595978,-0.3
12552,3B,Eugenio Suarez,6,20.5,-2.15,1222,0.102291325,0.195581015,0.523012551,0.275811373,0.3633162,0.402593528,0.765909728,0.126782156,5.293839247,0.34007686,-3.660444914,171.3386723,26.14570165,0.353760322,117.7340426,3.9
12546,1B,C.J. Cron,6,22.5,-0.95,1122,0.035650623,0.138146167,0.258064514,0.283397868,0.322638145,0.471652759,0.794290904,0.188254891,3.426200909,0.296519918,-1.483978915,155.270217,14.10358457,0.343975216,117.3287488,1.3
12533,2B,Marcus Semien,7,21.5,-3.2,1113,0.137466306,0.168912848,0.813829784,0.279992724,0.384893804,0.477588361,0.862482165,0.197595637,6.643571527,0.318184966,2.187486727,182.7755788,56.96383231,0.3902919,142.6119616,4.6
12532,2B,Kolten Wong,7,21.5,-3.85,1042,0.081573896,0.128598848,0.634328355,0.294178969,0.357422489,0.432309788,0.789732276,0.138130818,6.939750918,0.324543152,2.701270248,145.3765864,19.25076964,0.35371628,114.7314542,5.3
12510,C,Curt Casali,6,23.5,0.05,714,0.107843137,0.133053221,0.810526314,0.290935672,0.382996243,0.455125559,0.838121802,0.164189887,2.599302271,0.318685349,-0.32054289,115.0516779,33.42280182,0.385235449,141.8869412,1.7
12434,OF,Kevin Pillar,7,23.5,-1.2,1098,0.064663023,0.127504553,0.507142854,0.31484524,0.363479665,0.450049949,0.813529614,0.135204709,6.785149216,0.350863774,5.142922489,165.6293246,36.5403992,0.368761002,124.9142725,5.9
12409,OF,Ryan Rua,6,22.5,0.2,845,0.100591716,0.211834319,0.474860333,0.264515515,0.354716981,0.490075182,0.844792162,0.225559667,5.385560773,0.295350512,1.886960605,137.9446328,39.56316565,0.386185689,137.5698815,0.9
12371,DH,Tommy La Stella,6,23.5,0.05,730,0.116438356,0.08219178,1.416666672,0.32687057,0.415752812,0.478609142,0.894361954,0.151738572,5.615399852,0.344436689,2.02843902,128.2735373,45.33456399,0.404647856,155.4303975,0.9
12325,DH,Jace Peterson,5,22.5,0.5,1017,0.114060963,0.118977384,0.958677685,0.29411466,0.380238183,0.422134146,0.802372329,0.128019487,8.468063044,0.329753348,8.074864398,158.204008,28.29244181,0.364498635,122.4633649,1.7
12294,3B,Cory Spangenberg,6,21.5,-1.95,998,0.066132264,0.184368737,0.358695649,0.283192847,0.336458067,0.383569801,0.720027868,0.100376954,7.709494709,0.347466241,2.363261435,120.8909511,-8.366293397,0.32290698,99.58678614,2.3
12282,2B,Rougned Odor,6,18.5,-4.15,1040,0.057692307,0.15,0.384615382,0.28443997,0.341689446,0.440467082,0.782156528,0.156027112,6.862651176,0.320297275,0.920904288,146.8214862,20.38885946,0.355258162,113.9269169,6.4
12179,3B,Maikel Franco,6,19.5,-3.15,1135,0.059911893,0.13215859,0.453333329,0.300517489,0.346255506,0.505885637,0.852141143,0.205368148,3.439195678,0.312351905,-1.24442938,181.9842354,46.0367486,0.382079441,137.1161024,2.5
12161,SS,Xander Bogaerts,7,19.5,-5.85,1047,0.102196752,0.191977077,0.532338307,0.302086512,0.380275749,0.500663818,0.880939568,0.198577306,4.547371062,0.35264824,-1.394261557,178.0221425,55.45726389,0.394487806,144.0276854,8.4
12147,SS,Nick Ahmed,6,22.5,-0.95,1109,0.073940486,0.156898106,0.471264363,0.25294272,0.3132425,0.358864728,0.672107228,0.105922008,7.023546158,0.29646856,5.799655824,115.3890649,-10.24069778,0.309267276,90.23060591,1.1
12101,1B,Kennys Vargas,5,21.5,-0.5,706,0.110481586,0.206798866,0.534246576,0.280453539,0.364022663,0.505713259,0.869735922,0.22525972,1.964173952,0.319133691,-0.342206667,115.818665,35.26999389,0.38965555,144.0396047,0.4
11936,2B,Joe Panik,6,21.5,-1.95,1204,0.096345514,0.101328903,0.95081967,0.278251553,0.351957356,0.375729602,0.727686958,0.097478049,4.971748649,0.302693221,-0.144268693,153.009699,-1.23458691,0.333038341,102.6635833,6.9
11899,DH,Joc Pederson,6,20.5,-2.95,1018,0.11886051,0.191552063,0.620512819,0.295285864,0.388560751,0.506164085,0.894724836,0.210878221,6.582232793,0.338243495,1.14986987,180.2349099,56.05959387,0.398702949,144.0412002,6.4
11854,OF,Steven Moya,5,20.5,-1.5,646,0.04489164,0.255417956,0.175757573,0.268082448,0.30544747,0.452288524,0.757735994,0.184206076,6.25726899,0.333809691,0.67937841,83.25604444,8.758120203,0.341910683,113.2283931,-0.5
11773,1B,Jason Rogers,6,24.5,1.05,1107,0.124661246,0.157181571,0.793103445,0.286005129,0.376156951,0.458868986,0.835025936,0.172863857,4.2067908,0.317137529,1.770790782,175.3930159,50.83237128,0.38199921,138.2155273,0.4
11763,OF,Kyle Parker,6,22.5,-0.95,991,0.106962664,0.188698284,0.566844919,0.296933944,0.377396569,0.524311107,0.901707676,0.227377163,4.257884293,0.331111236,-2.12568874,177.894417,53.90614865,0.393547011,143.515673,-1.1
11746,OF,Stefen Romero,7,23.5,-1.85,948,0.060126582,0.168776371,0.356249999,0.318158504,0.364978903,0.527881574,0.892860477,0.20972307,5.75578054,0.352916163,-0.190001882,160.7585456,41.14267606,0.391773448,131.3273006,-1.3
11739,C,J.T. Realmuto,6,21.5,-1.95,915,0.07978142,0.144262295,0.5530303,0.248115132,0.314705623,0.348914721,0.663620343,0.100799589,4.843332198,0.277077445,1.32656164,93.72762875,-8.440162865,0.30933186,93.01487351,2.4
11737,OF,Nick Castellanos,7,20.5,-4.85,1179,0.076335877,0.184902459,0.412844035,0.297840068,0.353689567,0.450464869,0.804154436,0.152624801,3.92977806,0.348363939,-1.237627847,166.8897398,32.60045709,0.362877102,124.6122108,3.2
11608,3B,Garin Cecchini,6,21.5,-1.15,1083,0.14312096,0.162511541,0.880681817,0.313770506,0.419205909,0.4527159,0.871921808,0.138945394,7.095209,0.377071947,7.443655458,191.4618487,59.34793513,0.401023264,142.9156339,0.2
11602,2B,Yolmer Sanchez,7,20.5,-6.1,1067,0.065604498,0.157450797,0.416666665,0.286146803,0.339494634,0.355341738,0.694836372,0.069194936,5.925046275,0.34190588,-1.264158024,117.8935136,-5.209166851,0.320273782,94.08460096,-0.6
11489,OF,Michael A. Taylor,5,21.5,-1.3,1012,0.093873517,0.241106719,0.389344261,0.254286191,0.330665765,0.398921444,0.729587209,0.144635253,7.252646634,0.332330115,6.928112644,125.6846282,4.114599761,0.334370249,102.5629289,0.2
11464,OF,Gary Brown,7,23.5,-1.85,1218,0.059934318,0.182266009,0.328828827,0.255035705,0.316207297,0.379663547,0.695870844,0.124627843,5.996276722,0.300037288,-2.485968407,127.7251333,-18.69245775,0.316138211,88.80725489,0.2
11391,n/a,Tyler Holt,6,23.5,-0.6,1200,0.098333333,0.160833333,0.611398962,0.262318613,0.340106457,0.339182468,0.679288925,0.076863856,7.353851004,0.318258803,3.287769731,131.3045242,-10.19135808,0.31705029,93.35685783,-0.3
11385,OF,Matthew den Dekker,7,24.5,-2.1,849,0.067137809,0.242638398,0.276699029,0.27927522,0.33055537,0.453200121,0.783755491,0.173924902,7.375807437,0.347225346,1.757780434,111.011615,11.80489147,0.347124927,108.2247423,1.5
11376,OF,Michael Choice,7,22.5,-2.85,1002,0.101796407,0.20259481,0.502463055,0.295921674,0.376247505,0.436392167,0.812639672,0.140470493,3.519809654,0.355735923,-0.628572687,149.2263776,26.68568605,0.366112056,124.2373441,-2.1
11342,1B,Jesus Aguilar,6,22.5,-1.6,1081,0.105457909,0.204440333,0.515837102,0.277227572,0.360777058,0.443762391,0.804539449,0.166534819,2.169289889,0.328215942,-1.101890089,158.4132008,30.36001893,0.363262038,124.3480381,-0.7
11339,OF,Jake Marisnick,6,21.5,-2.6,866,0.062355658,0.192840646,0.323353292,0.263872642,0.331389487,0.431487183,0.76287667,0.167614541,7.147996671,0.310597618,0.646193405,112.9908799,15.71103121,0.34853784,113.7686609,3.3
11287,C,Bryan Holaday,7,24.5,-2.1,602,0.066445183,0.166112957,0.399999999,0.250852713,0.311973579,0.34739018,0.65936376,0.096537468,2.695323538,0.295344022,-0.407900366,57.94187461,-10.21337415,0.30407069,87.37707173,-1.6
11270,OF,Aaron Altherr,5,21.5,-0.5,998,0.083166332,0.242484969,0.342975206,0.264155103,0.328662297,0.430132767,0.758795063,0.165977664,7.311451485,0.336593739,3.427974106,130.4084918,12.74891725,0.345461799,113.6407337,1.1
11265,2B,Jonathan Schoop,7,20.5,-4.85,891,0.078563412,0.185185185,0.424242424,0.2577888,0.326537996,0.41346516,0.740003156,0.15567636,3.04402113,0.290884315,-1.479947142,107.5117789,5.983029079,0.337418674,106.5511378,5.2
11255,OF,Matt Szczur,6,22.5,-1.6,1084,0.102398523,0.14206642,0.720779221,0.274603668,0.354955037,0.378113666,0.733068703,0.103509997,7.227013967,0.318941798,1.690030742,136.1948854,16.35597198,0.342133343,109.1178536,0.2
11251,n/a,Andy Wilkins,7,23.5,-1.85,1021,0.112634671,0.199804114,0.563725487,0.25850464,0.343780607,0.438848307,0.782628914,0.180343667,3.359226525,0.297228547,-0.539278093,137.202097,23.76461577,0.357721383,122.2790644,-0.5
11173,OF,Oscar Taveras,7,20.5,-4.85,719,0.07232267,0.108484005,0.666666668,0.318032798,0.371832536,0.545901754,0.91773429,0.227868956,5.792135697,0.324222289,1.8021228,125.6365368,39.69669184,0.39817516,144.8506941,-0.9
11147,OF,Tommy Medica,6,24.5,1.05,744,0.094086021,0.215053763,0.437499997,0.314457794,0.389784946,0.608932247,0.998717193,0.294474453,4.797083706,0.360616449,-0.388333037,154.392312,59.59584896,0.427126698,168.3649167,0.6
11146,C,Cameron Rupp,7,23.5,-1.2,745,0.08590604,0.222818791,0.385542167,0.264684419,0.333819968,0.431898884,0.765718852,0.167214465,1.421438267,0.317365016,-0.650925297,99.60398484,13.5649,0.349594906,113.9884427,1.7
11145,2B,Christian Colon,7,23.5,-3.1,940,0.082978723,0.090425532,0.917647057,0.284190236,0.350694281,0.392250473,0.742944754,0.108060237,5.123152208,0.297069292,0.361880513,119.1101455,2.850788709,0.338772567,97.97670346,1.2
11038,OF,Kevin Kiermaier,7,22.5,-4.1,801,0.092384519,0.159800249,0.578124996,0.286669427,0.363290716,0.411909756,0.775200472,0.125240329,6.984358884,0.341773248,-0.720913347,109.4482971,21.05508337,0.356650956,122.0933633,10.9
10953,3B,Phil Gosselin,7,23.5,-1.85,1016,0.068897637,0.156496062,0.440251568,0.24772075,0.308934162,0.319404304,0.628338465,0.071683554,4.661511106,0.291545484,0.894584534,88.97509877,-24.17763316,0.295477338,81.3166691,1.6
10951,2B,Greg Garcia,7,22.5,-2.85,928,0.13900862,0.164870689,0.843137254,0.278134983,0.393750125,0.403581598,0.797331722,0.125446615,5.669004682,0.332815088,1.309173363,138.8172586,26.39561639,0.367039591,123.6248192,1.4
10950,OF,Adam Duvall,6,23.5,0.05,1028,0.079766536,0.182879377,0.436170209,0.254630452,0.322920376,0.475534396,0.798454773,0.220903944,5.309986109,0.269971616,0.542862326,144.6434698,11.34030926,0.349104471,112.9632323,2.4
10767,OF,Lane Adams,6,22.5,-0.95,1123,0.09171861,0.198575244,0.461883407,0.267160813,0.338959544,0.404979969,0.743939513,0.137819156,6.771812602,0.321105235,6.306090201,146.3002564,12.32448733,0.340060225,112.8787238,-0.1
10711,OF,Arismendy Alcantara,6,20.5,-2.95,930,0.087096774,0.199999999,0.435483872,0.283167584,0.347149128,0.449762093,0.796911222,0.166594509,7.10350541,0.338043047,6.603419101,130.7203588,28.23823497,0.361416554,123.388154,0.2
10698,3B,Mike Olt,7,23.5,-1.85,853,0.135990621,0.273153575,0.497854075,0.244042621,0.349821358,0.478617304,0.828438662,0.234574684,3.007987205,0.294299332,0.403220032,126.2185758,22.67962244,0.366491602,122.7219237,-1.1
10622,1B,Zach Walters,7,22.5,-4.1,1005,0.043781094,0.241791044,0.181069956,0.259004335,0.293690965,0.469356536,0.763047501,0.210352201,5.105431036,0.30343488,-0.658205766,122.7459745,7.638840237,0.336447277,105.3745251,-0.8
10607,n/a,Bryce Brentz,7,23.5,-3.1,890,0.069662921,0.253932584,0.274336282,0.278373208,0.333707865,0.474115404,0.807823268,0.195742196,3.041108414,0.342687025,-0.726036193,124.5080173,23.09762074,0.361075186,121.7301799,-0.1
10556,2B,Cesar Hernandez,7,22.5,-4.1,1032,0.070736434,0.155038759,0.456249999,0.301388334,0.350329981,0.405166199,0.755496181,0.103777865,7.097997994,0.358754073,0.953570128,130.161258,12.70240639,0.343061316,109.5741873,4.4
10472,3B,Enrique Hernandez,6,20.5,-3.6,982,0.061099796,0.124236252,0.491803276,0.253205911,0.305877561,0.387180112,0.693057673,0.133974201,4.65669742,0.272764018,-0.974183347,106.8778698,-15.14794912,0.308849023,81.8989082,2.5
10441,1B,Jon Singleton,7,20.5,-4.85,922,0.159436008,0.261388286,0.609958504,0.262709409,0.378524945,0.458760344,0.837285289,0.196050935,4.227792084,0.336462251,0.267137148,143.8940143,33.37672921,0.375278661,128.8790883,-0.9
10416,2B,Wilfredo Tovar,6,20.5,-3.6,959,0.076120959,0.091762252,0.829545453,0.266508091,0.334084879,0.349981393,0.684066272,0.083473302,5.552473685,0.289829917,-1.04732031,105.117544,-6.91110351,0.318610331,93.58255451,0
10348,OF,Domingo Santana,6,19.5,-3.95,1001,0.1008991,0.286713286,0.351916375,0.278399748,0.365634365,0.517793118,0.883427483,0.23939337,5.823918002,0.358345144,1.178729126,173.4257253,46.8082001,0.38604545,130.2929651,0.3
10346,C,John Ryan Murphy,7,21.5,-3.85,932,0.095493562,0.15665236,0.609589041,0.258214451,0.331522456,0.406122551,0.737645008,0.1479081,3.206969546,0.287987556,-1.100479101,114.8829452,7.432622599,0.336958183,108.8083126,0.8
10322,OF,Danny Santana,6,21.5,-1.95,1135,0.046696035,0.15154185,0.308139533,0.291617001,0.331266195,0.397638191,0.728904387,0.10602119,6.884180321,0.338472233,-0.92997852,137.600674,4.738762466,0.33218471,103.9590167,1.7
10299,OF,Eury Perez,7,22.5,-4.1,1002,0.028942115,0.14271457,0.202797198,0.308006093,0.34079512,0.387234002,0.728029122,0.079227909,6.618205575,0.357267948,5.037201423,118.4438086,4.599240584,0.333084906,102.7093462,-0.1
10243,OF,Randal Grichuk,6,20.5,-2.95,1117,0.045658012,0.164726947,0.277173912,0.277595488,0.320753149,0.481153121,0.801906271,0.203557634,6.750293355,0.30182155,-0.01212448,157.7048637,16.67494253,0.347790656,119.7810457,5
10200,C,Tucker Barnhart,6,21.5,-2.6,768,0.110677083,0.161458333,0.685483869,0.253450101,0.3390371,0.35523287,0.694269971,0.101782769,2.440202923,0.296766822,-1.419431022,87.53749685,-2.490186015,0.322587677,94.14522564,1.2
10199,OF,Billy Hamilton,7,21.5,-3.85,1152,0.107638888,0.186631944,0.576744186,0.284623968,0.361511371,0.38351793,0.7450293,0.098893961,8.538548879,0.353759718,22.84038365,150.6919518,11.00293604,0.342597895,104.5601012,7.7
10154,OF,Donald Lutz,6,23.5,-0.6,714,0.075630252,0.228291316,0.331288342,0.260413167,0.329131652,0.483524731,0.812656383,0.223111564,6.152435724,0.305683276,-0.42966011,101.9910626,15.40485878,0.356317101,113.4279984,-0.3
10067,1B,Tomas Telis,6,21.5,-1.95,852,0.030516431,0.116197182,0.262626259,0.254333009,0.285022818,0.340785305,0.625808123,0.086452296,4.276909663,0.27937882,1.541645744,72.27294786,-27.48259303,0.281217236,71.64504911,-1.6
10059,C,Max Stassi,6,21.5,-1.95,683,0.067349927,0.221083455,0.304635762,0.271914344,0.331869204,0.497123033,0.828992237,0.225208689,3.037893405,0.302768592,-0.174185062,101.9421421,15.50589884,0.358680658,119.8121642,0.1
10030,SS,Chris Owings,7,20.5,-4.85,1142,0.04028021,0.202276707,0.199134197,0.309955658,0.341295445,0.466784043,0.808079488,0.156828385,6.583857684,0.371412943,0.309848583,163.5064361,20.84970339,0.358797846,105.8216783,1.3
10028,C,Christian Bethancourt,6,20.5,-3.6,677,0.039881831,0.150664697,0.26470588,0.261637818,0.291908643,0.373518289,0.665426933,0.111880471,4.205301045,0.287977164,-1.663130708,64.18401512,-9.842181206,0.304858238,90.94402365,-1.6
9968,n/a,Dan Butler,7,25.5,-1.1,691,0.107091172,0.175108538,0.611570248,0.254137287,0.345875542,0.438462604,0.784338147,0.184325318,1.920748332,0.28203812,-0.54836257,93.78899612,15.2338293,0.355709477,119.6849902,0
9959,OF,Alex Hassan,7,24.5,-2.1,638,0.15830721,0.19122257,0.827868853,0.289442741,0.409682302,0.408267594,0.817949896,0.118824853,1.465557955,0.356723395,-1.148749731,98.79189722,26.32167125,0.379381928,138.9926522,-0.1
9922,n/a,Yorman Rodriguez,6,19.5,-3.95,938,0.066098081,0.269722814,0.245059288,0.252187339,0.304340252,0.404667903,0.709008156,0.152480564,6.048188238,0.333764718,0.285996669,106.5513543,-8.236121537,0.318464982,92.77932009,0
9871,C,Bryan Anderson,7,25.5,-1.1,627,0.095693779,0.237639553,0.402684562,0.224418678,0.30191673,0.348110254,0.650026985,0.123691576,2.828336343,0.279948609,0.154279168,57.59011592,-20.70694358,0.297907671,78.00838614,0
9854,1B,Efren Navarro,7,26.5,-0.1,1163,0.089423903,0.145313843,0.615384615,0.309672057,0.370593293,0.428996552,0.799589845,0.119324496,3.699958594,0.355910324,-1.271001146,166.1536269,16.26144975,0.358452746,103.1707578,0.3
9807,DH,Ryan Goins,7,24.5,-0.85,1035,0.073429951,0.155555555,0.472049687,0.277830508,0.330763064,0.392828271,0.723591335,0.114997763,3.940019394,0.320364695,-2.415573918,118.3295462,0.399631842,0.328096314,98.81554324,0.2
9774,C,Christian Vazquez,7,21.5,-3.85,827,0.116082224,0.14873035,0.780487805,0.270110257,0.359320743,0.379793343,0.739114085,0.109683086,3.050817926,0.308490193,-1.335689047,107.5869629,9.675495639,0.342235663,106.9338829,2.8
9767,OF,James Jones,7,23.5,-1.2,981,0.097859327,0.201834862,0.484848485,0.294023682,0.36578297,0.464125509,0.829908479,0.170101827,7.56799647,0.360364679,-1.145356887,153.284162,30.85737646,0.369647289,113.2638242,-0.9
9744,1B,Justin Bour,6,24.5,0.4,938,0.104477611,0.189765458,0.550561795,0.264899053,0.342217483,0.456863231,0.799080715,0.191964179,2.308276811,0.294616181,-0.874113665,126.6714289,22.99236551,0.358779464,115.254172,1.8
9741,1B,Ben Paulsen,7,24.5,-0.85,980,0.075510204,0.245918367,0.307053941,0.273720445,0.329591836,0.462495028,0.792086864,0.188774582,4.103538851,0.340161737,-2.340639458,132.5897572,13.42825787,0.348451376,103.1390656,0.4
9718,n/a,Chris Dominguez,7,25.5,-1.1,872,0.036697247,0.239678898,0.153110046,0.268539243,0.301605504,0.406741388,0.708346892,0.138202146,3.779664815,0.335728033,-1.722107858,91.2866403,-17.28961553,0.313720784,84.76064684,0
9632,OF,Brett Jackson,7,23.5,-3.1,834,0.098321343,0.334532374,0.293906809,0.235439312,0.319265047,0.41360617,0.732871217,0.178166858,7.222598987,0.346310501,1.694231628,97.72865279,-8.12004535,0.32581421,93.37881581,-0.1
9629,SS,Shawn O'Malley,7,24.5,-0.85,764,0.086387434,0.174083769,0.496240599,0.250767938,0.32572878,0.335887381,0.661616161,0.085119443,8.288091894,0.302942093,5.145749355,76.29959844,-7.898899611,0.309881363,88.30773532,0.4
9431,n/a,Jake Goebbert,7,24.5,-2.1,1012,0.120553359,0.161067193,0.748466258,0.275516414,0.369694086,0.462918802,0.832612888,0.187402389,5.02849006,0.303573306,-0.712980367,154.9673783,36.54447939,0.369242673,128.7210489,-0.1
9373,1B,Matt McBride,7,27.5,0.9,664,0.045180723,0.102409638,0.441176472,0.3392102,0.362951806,0.578778954,0.94173076,0.239568754,3.457236299,0.34136958,-0.556832369,119.7486805,33.23265664,0.40093299,124.8456887,-0.7
9345,3B,Brock Holt,7,24.5,-2.1,867,0.0911188,0.131487889,0.692982454,0.311149435,0.376332067,0.398356653,0.77468872,0.087207218,4.59323841,0.35380566,-2.079140546,117.3479061,18.6076692,0.354649735,120.6603975,5.1
8848,C,Ali Solis,7,24.5,-0.85,435,0.036781609,0.225287355,0.163265304,0.260657513,0.290891463,0.376061209,0.666952672,0.115403696,2.925315615,0.327301759,-0.011696251,42.81616647,-8.191268989,0.30048548,88.65333767,-0.1
8822,n/a,Zelous Wheeler,7,25.5,-1.1,909,0.09680968,0.155115511,0.624113473,0.272006251,0.354701235,0.427127756,0.781828991,0.155121505,3.802059559,0.301121581,0.36029501,123.9221471,20.04605539,0.355916484,119.4655245,-0.2
8793,n/a,Matt Clark,7,25,-1.6,511,0.111545988,0.221135029,0.504424778,0.28988764,0.366666666,0.505617977,0.872284643,0.215730337,2.537674209,0.337539432,-0.047828766,82.92072727,15.33239013,0.377392616,115.0014008,-0.2
8790,n/a,Cole Figueroa,7,25.5,-1.1,985,0.098477157,0.061928934,1.590163937,0.289021909,0.361024991,0.38793421,0.7489592,0.098912301,4.726516913,0.299270566,-0.470443533,124.1063117,12.70959928,0.343366149,107.8167553,0
8631,2B,Cord Phelps,7,25.5,-1.1,869,0.112773303,0.164556962,0.685314686,0.273146544,0.356772148,0.44859894,0.805371088,0.175452396,4.143073787,0.30545193,-0.687185564,123.6212949,24.98826989,0.362889552,115.5797105,-0.1
8524,n/a,Jackson Williams,7,26.5,-0.1,603,0.056384742,0.182421227,0.309090905,0.239035616,0.285007541,0.387892281,0.672899821,0.148856665,2.447505315,0.268418238,-0.114673315,54.76002455,-23.05665435,0.296241836,72.03966484,0
8418,3B,Ehire Adrianza,7,22.5,-2.85,980,0.097959183,0.169387755,0.578313252,0.240737998,0.322810329,0.333079522,0.655889851,0.092341524,6.416959326,0.291630365,1.463326023,95.60054913,-19.84060254,0.3041393,82.65167862,0
8353,SS,Dean Anna,7,25.5,0.15,1093,0.116193961,0.129002744,0.900709218,0.302985041,0.394718557,0.440406088,0.835124646,0.137421047,4.312787981,0.334214605,-3.571085328,174.1673251,41.07810126,0.37842492,128.9200018,-0.1
8145,n/a,Eric Fryer,7,26.5,-0.1,419,0.107398567,0.202863961,0.529411763,0.210255016,0.304525026,0.315398067,0.619923093,0.105143051,5.35101501,0.256840854,1.47820611,35.71364717,-11.69439779,0.290123474,74.26695346,-0.5
7945,OF,Jaff Decker,7,22.5,-2.85,638,0.155172413,0.210031348,0.738805969,0.256156348,0.377206704,0.406584101,0.783790805,0.150427753,4.728955552,0.317822872,-1.811634945,91.9014166,12.53960106,0.358996117,111.9415147,-0.6
7802,SS,Miguel Rojas,7,23.5,-1.85,782,0.080562659,0.104859335,0.768292681,0.21980342,0.287442863,0.27492424,0.562367103,0.055120821,3.535225384,0.240681763,-0.868731319,53.49198305,-31.97308993,0.268415941,59.20773078,0.9
7799,OF,Joey Butler,7,26.5,-0.1,1089,0.135904499,0.22681359,0.599190282,0.290533372,0.393383692,0.455923848,0.84930754,0.165390476,2.840026969,0.362748341,-1.639745057,177.1908227,36.54259488,0.381007774,124.1798864,0.2
7739,C,Travis d'Arnaud,7,23.5,-3.1,434,0.101382488,0.188940091,0.536585364,0.318959842,0.391705068,0.57062442,0.962329488,0.251664578,3.462405348,0.362833598,-0.342923781,83.83883719,27.78760913,0.415496061,141.0068628,7.7
7409,n/a,Xavier Scruggs,6,24.5,0.4,1068,0.131086142,0.306179775,0.428134557,0.241289493,0.354284781,0.465038343,0.819323124,0.22374885,3.72734438,0.316182384,-1.115022041,161.5720004,38.09095934,0.366147854,127.6617625,-0.3
7392,n/a,Brad Glenn,7,25.5,0.15,1007,0.079443892,0.235352532,0.33755274,0.251276182,0.314134392,0.455019978,0.76915437,0.203743796,3.109461395,0.292095169,-0.81273499,128.9760415,11.86863215,0.343549173,106.9930153,0
7168,C,Juan Centeno,7,22.5,-2.85,574,0.060975609,0.12543554,0.48611111,0.292040952,0.337484942,0.355843933,0.693328876,0.063802982,3.64943849,0.333996396,-0.541248649,61.2662465,-7.286357283,0.317566532,86.50917981,-1.5
7087,C,Caleb Joseph,7,26.5,1.15,963,0.078920041,0.168224298,0.4691358,0.282960209,0.340254373,0.47011021,0.810364583,0.187150001,3.540485864,0.308485288,0.222669682,136.9770818,24.522354,0.360782258,119.9393951,3.6
6938,3B,Eric Campbell,7,25.5,0.15,890,0.139325842,0.152808988,0.911764703,0.30499048,0.41182087,0.456271106,0.868091976,0.151280626,4.81931644,0.350372598,0.411114634,150.3981822,43.61548711,0.394676032,136.3590661,-0.2
6908,1B,Clint Robinson,7,27.5,0.9,1032,0.13372093,0.143410852,0.932432434,0.274939685,0.375,0.437826972,0.812826971,0.162887286,2.512408595,0.303370451,-0.713216478,155.3802064,26.11491404,0.366322634,117.0317619,0
6806,C,Josmil Pinto,7,23.5,-1.85,972,0.112139917,0.158436213,0.707792208,0.303281235,0.382716049,0.48297019,0.865686239,0.179688956,2.147732635,0.339413987,-1.272265167,162.7387039,49.37506582,0.39221456,143.3283118,-0.6
6732,OF,Zoilo Almonte,7,23.5,-1.85,744,0.073924731,0.201612903,0.366666665,0.28490228,0.340053763,0.460872086,0.800925849,0.175969806,4.648208141,0.327030985,1.419575464,102.8131251,18.02282106,0.3589107,124.2022072,-0.2
6448,OF,James Adduci,7,27.5,0.9,1014,0.111439842,0.191321498,0.582474227,0.298164995,0.376344547,0.442703286,0.819047833,0.144538291,5.938808109,0.355765799,2.55794303,149.5081436,24.7456643,0.367905564,117.4010955,-0.1
6341,3B,Luis Jimenez,7,24.5,-2.1,748,0.04144385,0.131016042,0.316326526,0.304942389,0.333783318,0.47437841,0.808161728,0.169436022,5.891897477,0.324876483,0.900673001,102.8881452,5.432988625,0.350329537,97.41391127,-0.3
6266,OF,Daniel Robertson,7,26.5,-0.1,1118,0.096601073,0.10822898,0.892561984,0.293491603,0.371039606,0.386007755,0.757047361,0.092516152,6.5331763,0.329272939,1.529137844,149.0338991,4.952744479,0.346609489,96.28260361,0.3
6165,2B,Irving Falu,7,29.5,2.9,974,0.077002053,0.094455852,0.815217389,0.286276984,0.342542894,0.384710442,0.727253336,0.098433458,6.042181005,0.311351928,0.737622958,115.5047064,-9.509887827,0.328956375,89.47011803,-0.2
6052,n/a,Brad Snyder,7,30.5,3.9,866,0.092378752,0.260969977,0.353982299,0.307869942,0.372251504,0.520209473,0.892460978,0.212339531,5.542064954,0.393416797,-5.106088699,145.4400234,33.97175803,0.387525942,121.5739844,-0.1
6013,2B,Cristhian Adames,6,20.5,-2.95,931,0.087003222,0.171858216,0.506249998,0.273891152,0.34210802,0.364396755,0.706504775,0.090505602,5.096501625,0.332281197,-0.500481519,110.8990418,-6.785101267,0.320890513,95.47911771,-0.7
5942,C,Jesus Sucre,7,24.5,-0.85,464,0.060344827,0.109913793,0.549019605,0.27867622,0.326780688,0.32083313,0.647613818,0.04215691,1.836770069,0.313753362,-0.679950033,43.57522513,-10.39473557,0.304232669,78.37110511,0.8
5913,2B,Leury Garcia,7,21.5,-3.85,656,0.056402439,0.213414634,0.264285714,0.281824799,0.328267212,0.396685612,0.724952824,0.114860813,8.381842259,0.356410325,4.207591268,76.57742884,-1.991949774,0.325385707,96.33957932,-1.4
5827,1B,Wilmer Flores,7,20.5,-4.85,1010,0.062376237,0.121782178,0.512195122,0.309624145,0.352244369,0.502520448,0.854764817,0.192896303,3.506126468,0.322351196,-1.642419216,156.2617085,35.02992226,0.376188746,123.8829901,3.6
5751,DH,Hernan Perez,7,21.5,-3.2,933,0.043944265,0.132904608,0.330645156,0.279256555,0.312707532,0.372647422,0.685354953,0.093390866,6.336647549,0.31351516,6.017588129,99.71255941,-9.025173444,0.313581342,91.24817415,1.2
5667,OF,Steven Souza Jr.,6,23.5,0.05,738,0.10704607,0.208672086,0.512987012,0.297161596,0.379899613,0.561001164,0.940900777,0.263839568,5.976082076,0.334024222,0.847243637,138.2532289,48.99449548,0.413912457,154.6591112,2.5
5663,n/a,Neftali Soto,7,23.5,-3.1,1007,0.06653426,0.217477656,0.305936072,0.257936116,0.312810328,0.407037505,0.719847833,0.149101389,2.474475221,0.307147347,-0.444435669,113.2861909,-0.778455028,0.324946321,97.78226999,-0.5
5552,n/a,Jamie Romak,7,26.5,-0.1,960,0.093749999,0.208333333,0.449999997,0.25031501,0.328103137,0.435592618,0.763695755,0.185277608,4.617308256,0.28834569,0.791088072,122.1102299,2.779541227,0.340163561,104.7476628,0
5486,DH,Abraham Almonte,7,23.5,-1.85,895,0.118435754,0.175418994,0.675159236,0.288565224,0.374368342,0.442396191,0.816764533,0.153830967,7.157101018,0.340685457,5.825052698,132.1187401,26.14682591,0.368218416,126.9686012,1.9
5485,OF,Jose Pirela,7,22.5,-2.85,912,0.091008771,0.121710526,0.747747746,0.281519993,0.35729268,0.426636043,0.783928723,0.14511605,6.299959211,0.305876601,2.979124332,126.6262821,20.149955,0.356742902,120.8947594,-0.9
5408,OF,Jake Smolinski,7,23.5,-1.85,934,0.138115631,0.155246253,0.88965517,0.255172083,0.370208886,0.378936264,0.74914515,0.123764181,4.88969618,0.294010924,1.035061601,121.3768926,11.80676776,0.350415842,113.200988,1.3
5371,n/a,Juan Carlos Perez,7,25.5,0.15,922,0.040130151,0.173535791,0.231249998,0.297086629,0.332944517,0.45207263,0.785017147,0.154986001,6.030196077,0.343438346,-1.617477977,122.2774629,11.9890353,0.350216651,111.4894512,-0.6
5352,2B,Yangervis Solarte,7,24.5,-2.1,1145,0.069868995,0.098689956,0.707964599,0.281608012,0.331569394,0.404214326,0.73578372,0.122606313,2.806105249,0.293918117,0.471703924,134.440831,-13.1309652,0.327748232,90.03799922,5.7
5306,OF,Kristopher Negron,7,26.5,-0.1,698,0.068767908,0.243553008,0.282352941,0.221698618,0.291121143,0.328417854,0.619538997,0.106719236,5.715494614,0.284443648,2.733163679,58.02494668,-20.98754755,0.287083014,72.09914496,1.1
5277,C,Tuffy Gosewisch,7,28.5,1.9,596,0.058724832,0.166107382,0.353535353,0.249392333,0.30248613,0.399757934,0.702244064,0.150365601,2.755059244,0.281090762,-0.852196313,63.37224783,-9.479936689,0.31409065,78.77990877,-0.9
5273,C,Sandy Leon,7,23.5,-1.85,606,0.117161716,0.148514851,0.788888887,0.229614683,0.325735399,0.326380644,0.652116042,0.096765961,2.163119077,0.26338806,0.069938724,59.8857123,-10.70581788,0.304875215,85.03659089,0.9
5225,n/a,Roger Kieschnick,7,25.5,-1.1,685,0.093430656,0.255474452,0.365714283,0.281229475,0.347445255,0.529527531,0.876972786,0.248298055,5.450355715,0.345271423,-0.727522522,108.4892748,20.49120194,0.37629756,123.9079837,-0.4
5212,n/a,Alfredo Marte,7,23.5,-1.85,788,0.071065989,0.171319796,0.414814813,0.288195259,0.351522842,0.483421822,0.834944664,0.195226563,4.001684857,0.319982365,-1.569623776,117.5663932,24.23444799,0.375593955,120.2280311,-0.9
5057,n/a,Yohan Flande,7,26.5,-0.1,23,0,0.391304347,0,0.047826087,0.047826087,0.047826087,0.095652174,0,3.661490682,0.079710145,0.195701097,-2.402182778,-5.00197385,0.043922423,-79.73292857,0
4922,OF,Ender Inciarte,6,21.5,-1.95,1059,0.075542965,0.103871577,0.727272727,0.294192335,0.351982541,0.391875138,0.743857679,0.097682803,7.757776677,0.325411039,8.625116529,138.0353886,12.64277828,0.340334927,108.2582216,8.3
4875,n/a,Logan Watkins,7,22.5,-2.85,1060,0.120754716,0.183962264,0.656410255,0.263808374,0.360720492,0.402765623,0.763486115,0.138957249,6.833105842,0.317865248,0.311379755,139.6807547,13.99916571,0.353269473,109.593153,-0.4
4779,OF,Rymer Liriano,6,21,-3.1,520,0.078846153,0.228846153,0.344537813,0.279569892,0.35,0.417204301,0.767204301,0.137634409,6.820343781,0.35777126,2.522540609,70.45201543,2.952905669,0.340495213,110.0427806,-0.6
4450,OF,Steve Tolleson,7,28.5,1.9,666,0.123123123,0.184684684,0.666666666,0.285226127,0.374634945,0.402738292,0.777373237,0.117512165,3.579415377,0.342902604,-0.058001477,90.62700933,15.39568941,0.35602962,121.1386487,0.3
4142,n/a,Jonathan Diaz,7,27.5,0.9,962,0.126819127,0.156964656,0.807947022,0.234281188,0.346882322,0.297653775,0.644536097,0.063372587,5.338525863,0.280613861,1.179310618,98.06018033,-18.47928317,0.309063476,81.43907338,0
4003,2B,Brandon Hicks,7,26.5,-0.1,745,0.102013422,0.306040268,0.333333332,0.262515628,0.347699612,0.47779606,0.825495672,0.215280432,6.190691605,0.356505249,-0.108550104,109.854643,13.85693403,0.362980104,114.1929865,0.4
3812,2B,Gregorio Petit,7,27.5,0.9,977,0.07062436,0.153531218,0.46,0.278295221,0.333657976,0.389855437,0.723513413,0.111560216,3.007507801,0.318210545,-1.28335414,113.0159804,-4.762587654,0.328070487,87.90869632,-0.1
3298,DH,Charlie Culberson,7,23.5,-3.1,927,0.040992448,0.181229773,0.226190474,0.283947661,0.316367957,0.467067774,0.783435731,0.183120113,7.097825785,0.32398999,-0.600516956,118.5103492,-1.288018101,0.340452156,92.19266623,-0.9
3142,C,Robinson Chirinos,7,29,2.4,311,0.122186495,0.176848874,0.690909092,0.256603773,0.355987055,0.4,0.755987055,0.143396227,4.049705032,0.294117647,0.265394148,40.23778655,1.190711804,0.344697968,101.8244286,2.3
2967,OF,Tommy Pham,7,24.5,-0.85,344,0.090116278,0.25,0.360465114,0.269695453,0.343023255,0.438602135,0.78162539,0.168906682,5.376389673,0.345394737,-0.167760363,46.81197927,6.164745674,0.349467224,116.0796841,1.9
2900,C,Roberto Perez,7,23.5,-1.85,699,0.147353362,0.21602289,0.682119205,0.205998473,0.336733986,0.289494836,0.626228822,0.083496363,2.075810765,0.271069207,-1.250000489,66.4413916,-13.76910518,0.302737492,79.95225719,3.7
2832,n/a,Rafael Ynoa,6,24.5,0.4,1036,0.105212354,0.134169884,0.784172658,0.271944698,0.350035263,0.361130706,0.711165969,0.089186008,4.989055344,0.314459438,-0.328018229,121.1619394,7.560937748,0.334125789,100.3999284,-0.1
2636,OF,Brandon Guyer,7,26.5,-0.1,502,0.071713147,0.153386454,0.467532468,0.299316613,0.372232754,0.458050349,0.830283103,0.158733737,7.962244218,0.341674823,3.088640033,75.94486319,19.30809964,0.375898021,130.6271905,5.3
2591,n/a,Michael Taylor,7,26.5,-0.1,1024,0.132812499,0.188476562,0.704663211,0.28432107,0.383789062,0.456400875,0.840189937,0.172079805,4.156624289,0.331989527,2.072066071,162.4510917,30.2390819,0.376176436,130.404096,0
2264,n/a,Hector Gomez,6,24.5,1.05,501,0.047904191,0.199600798,0.239999998,0.183383749,0.233589122,0.254404235,0.487993357,0.071020485,4.279733768,0.226694152,-2.290648854,21.49500272,-33.03054815,0.230126444,36.77347109,-0.5
2136,OF,David Peralta,5,25,2.2,219,0.04109589,0.127853881,0.321428569,0.346153846,0.369863013,0.533653846,0.903516859,0.1875,2.588450891,0.367816091,0.176375763,39.71316236,10.13200431,0.390731417,131.5303449,5.2
1165,n/a,Chris Valaika,7,26.5,-0.1,513,0.054580896,0.183235867,0.297872339,0.225079341,0.275885439,0.348192414,0.624077854,0.123113073,3.254402488,0.25601007,-1.589682009,41.57522351,-18.84588849,0.283576022,70.58873273,-0.1
294,n/a,Adrian Nieto,0,0,0,0,0,0,0,0,0,0,0,0,0,0,0,0,0,0,0,0
209,n/a,Antoan Richardson,7,28.5,1.9,924,0.152597402,0.173160173,0.881249998,0.280741776,0.406451839,0.352376002,0.758827841,0.071634226,8.182342602,0.355658683,7.562408453,129.8768694,24.10578717,0.360914926,121.2194841,0
193,SS,Carlos Triunfel,7,22.5,-4.1,956,0.041841004,0.172594142,0.24242424,0.269543222,0.316748729,0.392479854,0.709228582,0.122936632,4.608547575,0.315410449,-1.094995562,104.2880807,-19.38630507,0.317821414,92.14814161,-0.1